name	accession_ha	haplotype	mutations
NODE_0000000		unassigned	{'nuc': ['G63A', 'G214A', 'G429A', 'T464C', 'T477G', 'A484T', 'T622G', 'A732G', 'T920C', 'T947C', 'T971C', 'A1188G', 'A1271C', 'C1292T', 'T1313C', 'G1414A', 'T1529C', 'A1574G'], 'HA1': ['G50E', 'D122N', 'S138A', 'K140I', 'V186G', 'I223V'], 'HA2': ['N46D', 'R121K'], 'SigPep': ['A16T']}
A/Brisbane/10/2007	EPI545338	unassigned	{}
NODE_0000001		unassigned	{'nuc': ['A63G', 'C77T', 'A539C', 'A582C', 'T632A', 'C746T', 'C920T', 'T1147G', 'G1214A', 'C1313T', 'C1577A', 'A1595G'], 'HA1': ['K158N', 'K173Q', 'N189K'], 'HA2': ['I32R'], 'SigPep': ['T16A']}
A/Perth/16/2009	EPI182941	unassigned	{'nuc': ['G249A', 'T497A', 'T701C', 'T706G', 'C1565T'], 'HA1': ['E62K', 'N144K', 'I214S']}
NODE_0000002		unassigned	{'nuc': ['C335A', 'C500T', 'A699G', 'G732A', 'A1000G', 'G1022A', 'A1212C'], 'HA1': ['T212A', 'V223I', 'N312S']}
A/Tehran/34891/2013	EPI507255	unassigned	{'nuc': ['G199A', 'C410G', 'C473T', 'A499G', 'T521A', 'C976A', 'T1498C', 'C1565T', 'C1584G'], 'HA1': ['S45N', 'N145S', 'N152K', 'A304D'], 'HA2': ['I149T', 'L178V']}
NODE_0000003		unassigned	{'nuc': ['A632G', 'C677A', 'C1070A']}
A/Brazil/289/2013	EPI465535	unassigned	{'nuc': ['T26C', 'G56A', 'A69G', 'A87G', 'A125G', 'G222A', 'T308C', 'T345C', 'A674G', 'C707T', 'A731G', 'A732G', 'A753G', 'A904C', 'T992C', 'G1000A', 'C1026A', 'A1148G', 'C1212A', 'T1370C', 'C1526T', 'A1535G', 'A1546T', 'G1562A'], 'HA1': ['K2E', 'N8D', 'D53N', 'Y94H', 'I223V', 'I230V', 'E280A', 'S312N'], 'HA2': ['E165V']}
NODE_0000005		unassigned	{'nuc': ['G657T', 'A1688G'], 'HA1': ['A198S']}
A/Southauckland/7/2012	EPI394182	unassigned	{'nuc': ['A314G', 'T431C', 'A499G', 'G1524A', 'G1574A', 'T1724C'], 'HA1': ['N145S'], 'HA2': ['D158N']}
NODE_0000006		unassigned	{'nuc': ['G199A', 'C208T', 'C473T', 'G518A'], 'HA1': ['S45N', 'T48I']}
A/Victoria/361/2011	EPI2420071	unassigned	{'nuc': ['T42C', 'G337A', 'G1430A'], 'HA1': ['S91N'], 'SigPep': ['Y9H']}
NODE_0000007		unassigned	{'nuc': ['C89T', 'A163G', 'T899G', 'C1271A'], 'HA1': ['Q33R', 'N278K']}
NODE_0000067		unassigned	{}
NODE_0000009		unassigned	{'nuc': ['G188A', 'C448A', 'T657C', 'A1028G', 'A1726G'], 'HA1': ['T128N', 'S198P']}
A/Texas/50/2012	EPI2318462	unassigned	{}
A/Texas/50/2012-egg	EPI731465	unassigned	{'nuc': ['G622T', 'C721T', 'T742A'], 'HA1': ['G186V', 'S219F', 'I226N']}
NODE_0000239		unassigned	{}
A/Hawaii/22/2012	EPI397072	unassigned	{'nuc': ['G56A', 'T535C', 'G1104A', 'T1130C', 'C1262T'], 'HA1': ['L157S'], 'HA2': ['V18M']}
NODE_0000008		unassigned	{'nuc': ['G371A', 'G436A', 'G869A', 'T1076C', 'G1205A', 'G1433A'], 'HA1': ['S124N', 'M268I']}
A/Zhejiang-Nanxun/1614/2014	EPI554892	unassigned	{'nuc': ['A80G', 'G717A'], 'HA1': ['G218R']}
A/Zhejiang-Wuxin/130/2015	EPI586383	unassigned	{'nuc': ['C533A', 'G557A', 'T653A', 'A738G', 'A819G'], 'HA1': ['H156Q', 'N225D', 'I252V']}
NODE_0000010		unassigned	{'nuc': ['A499G'], 'HA1': ['N145S']}
A/Christchurch/516/2012	EPI394152	unassigned	{'nuc': ['C404A', 'A705G', 'G710T', 'C749T', 'A1022G', 'C1289T', 'G1433A', 'A1631G'], 'HA1': ['I214V'], 'HA2': ['I193M']}
NODE_0000011		unassigned	{'nuc': ['C302T', 'A1541G']}
NODE_0000321		unassigned	{}
A/Osaka/32/2013	EPI463630	unassigned	{'nuc': ['C257T', 'A335G', 'G782A', 'C932A', 'T1031C', 'G1589A']}
NODE_0000012		unassigned	{'nuc': ['A489G', 'T1313A'], 'HA1': ['R142G']}
A/Mauritius/610/2013	EPI487698	unassigned	{'nuc': ['T26A', 'C548T', 'G782A', 'G1104A'], 'HA2': ['V18M']}
NODE_0000013		A.3	{'nuc': ['A447G'], 'HA1': ['T128A']}
NODE_0000015		A.3	{'nuc': ['T60A'], 'SigPep': ['F15I']}
A/WestVirginia/6/2013	EPI465959	A.3	{'nuc': ['A1382G', 'T1409C']}
A/Nanjing/M1/2013	EPI450524	A.3	{'nuc': ['C54T', 'T815C', 'A819C', 'C1241T', 'A1281G', 'G1530A'], 'HA1': ['I252L'], 'HA2': ['I77V', 'D160N']}
NODE_0000325		A.3	{}
NODE_0000022		A.3	{'nuc': ['A1034G']}
A/Kenya/118/2013	EPI462825	A.3	{'nuc': ['G298A', 'T484G', 'G1433A'], 'HA1': ['G78D', 'I140R']}
NODE_0000327		A.3	{}
NODE_0000362		A.3	{}
A/Zambia/13/109/2013	EPI530697	A.3	{'nuc': ['T611A', 'C614T', 'T653C']}
NODE_0000390		A.3	{}
A/Tanzania/3100/2013	EPI508672	A.3	{'nuc': ['A695G', 'A986G', 'A1313T', 'G1589A']}
NODE_0000023		A.3	{'nuc': ['C72G', 'C816T', 'C1454T'], 'HA1': ['L3V']}
A/Uganda/1590/2014	EPI584677	A.3	{'nuc': ['A1184T', 'T1637C']}
A/Rwanda/211/2014	EPI520368	A.3	{'nuc': ['T173C', 'C1138T'], 'HA2': ['S29F']}
NODE_0000024		A.3:S124N	{'nuc': ['T323C', 'G436A'], 'HA1': ['S124N']}
A/SouthAfrica/4671/2013	EPI466804	A.3:S124N	{}
NODE_0000439		A.3:S124N	{}
A/Zambia/13/127/2013	EPI530699	A.3:S124N	{'nuc': ['A1281G', 'A1550G'], 'HA2': ['I77V']}
NODE_0000505		A.3:S124N	{}
A/Southafrica/4952/2014	EPI551630	A.3:S124N	{'nuc': ['G1286A']}
NODE_0000025		A.3:S124N	{'nuc': ['T302C']}
A/Zambia/6-037/2014	EPI574678	A.3:S124N	{'nuc': ['A398G']}
NODE_0000326		A.3:S124N	{}
A/SouthAfrica/5416/2014	EPI539852	A.3:S124N	{'nuc': ['C410T', 'T1349C', 'A1517G']}
NODE_0000507		A.3:S124N	{}
NODE_0000026		A.3:S124N	{'nuc': ['A584T'], 'HA1': ['Q173H']}
A/Zambia/4-303/2014	EPI561801	A.3:S124N	{'nuc': ['G1406T']}
A/Zambia/4-288/2014	EPI589803	A.3:S124N	{'nuc': ['T1322C', 'C1334T']}
NODE_0000525		A.3:S124N	{}
A/Zambia/6-024/2014	EPI574676	A.3:S124N	{'nuc': ['G38A']}
NODE_0000027		A.3:S124N	{'nuc': ['A1274G']}
A/Zambia/4-00021/2015	EPI672317	A.3:S124N	{}
A/Zambia/2-00106/2015	EPI672327	A.3:S124N	{}
NODE_0000536		A.3	{}
NODE_0000667		A.3	{}
NODE_0000668		A.3	{}
A/Tuvalu/2/2013	EPI491175	A.3	{'nuc': ['T1049C']}
NODE_0000669		A.3	{}
NODE_0000670		A.3	{'nuc': ['G52A'], 'SigPep': ['C12Y']}
A/Valparaiso/47927/2014	EPI555070	A.3	{'nuc': ['A791G'], 'HA1': ['I242M']}
A/Para/129501-IEC/2014	EPI550713	A.3	{'nuc': ['T824A']}
NODE_0000014		A.3	{'nuc': ['G563A']}
A/Yamagata/31/2014	EPI511068	A.3	{'nuc': ['T53C', 'G163A', 'G374A', 'C1079T', 'G1202A', 'G1406A', 'C1508A'], 'HA1': ['R33Q']}
A/India/LKO4167/2013	EPI527259	A.3	{}
NODE_0000020		A.3	{'nuc': ['C131T', 'A335G', 'T815C']}
A/Hangzhou/A469/2013	EPI506741	A.3	{'nuc': ['C62T', 'G1688A']}
NODE_0000021		A.3	{'nuc': ['G608A', 'A659G', 'G1424A', 'A1535G']}
A/Wisconsin/5/2014	EPI510897	A.3	{}
NODE_0000674		A.3	{}
A/Wisconsin/6/2014	EPI516702	A.3	{'nuc': ['A1151G', 'T1655C', 'G1673A'], 'HA2': ['M207I']}
NODE_0000675		A.3	{}
A/Paris/2082/2014	EPI556036	A.3	{'nuc': ['T176C', 'C455A', 'T566C', 'G936A'], 'HA1': ['D291N']}
A/Venezuela/7/2014	EPI565393	A.3	{'nuc': ['T1244C']}
NODE_0000676		A.3	{}
NODE_0000677		A.3	{}
NODE_0000016		A.3	{'nuc': ['C1654T'], 'HA2': ['A201V']}
NODE_0000017		A.3	{'nuc': ['T1130C']}
A/Wakayama/157/2013	EPI515289	A.3	{'nuc': ['C977T', 'C1565T']}
A/Vietnam/1/2014	EPI629993	A.3	{'nuc': ['T1049C', 'G1106A', 'G1188A'], 'HA2': ['D46N']}
NODE_0000018		A.3	{'nuc': ['G737A', 'C1196T']}
A/Hangzhou/A544/2013	EPI506757	A.3	{'nuc': ['C1289T', 'G1542A', 'C1559A'], 'HA2': ['D164N', 'N169K']}
NODE_0000019		A.3	{'nuc': ['A1399G'], 'HA2': ['N116S']}
A/Sichuan-Qingyang/1547/2013	EPI498714	A.3	{'nuc': ['G155A']}
A/Yunnan-Wenshan/1329/2013	EPI498780	A.3	{'nuc': ['C410T', 'A1469G']}
NODE_0000028		A.3	{'nuc': ['G1104A'], 'HA2': ['V18M']}
NODE_0000391		A.3	{}
NODE_0000031		A.3	{'nuc': ['G1562T']}
A/Wellington/24/2014	EPI551803	A.3	{'nuc': ['C44T', 'G419A', 'A668G', 'C707T', 'T1105A'], 'HA2': ['M18K']}
A/Vietnam/481/2013	EPI499268	A.3	{'nuc': ['C273T', 'G620A', 'A776T', 'T1139A', 'T1520C', 'T1637C']}
NODE_0000037		A.3	{'nuc': ['G1530A'], 'HA2': ['D160N']}
NODE_0000041		A.3	{'nuc': ['C716T']}
A/Tehran/63151/2013	EPI503353	A.3	{'nuc': ['A467G', 'G737A', 'A1238G']}
NODE_0000691		A.3	{}
A/Tunisia/14680/2013	EPI500196	A.3	{'nuc': ['T139C', 'G290A', 'C428A', 'A732G', 'A988T', 'G1433A', 'G1562A'], 'HA1': ['I25T', 'N121K', 'I223V', 'Y308F']}
NODE_0000042		A.3	{'nuc': ['C560T', 'C932A', 'G1235A']}
A/Bilthoven/4311400028/2014	EPI533290	A.3	{}
A/Bilthoven/4731300065/2013	EPI533275	A.3	{}
NODE_0000506		A.3	{}
NODE_0000040		A.3	{'nuc': ['T26C', 'A335G', 'T623C', 'A785G', 'G1217A']}
A/SaoBorja/LACENRS-2679/2013	EPI996345	A.3	{'nuc': ['G95A', 'A427G'], 'HA1': ['N121S']}
NODE_0000686		A.3	{}
A/Wyoming/5/2013	EPI492697	A.3	{'nuc': ['G869A'], 'HA1': ['M268I']}
A/RioGrande/LACENRS-3171/2013	EPI996384	A.3	{'nuc': ['T1370C']}
NODE_0000687		A.3	{}
NODE_0000039		A.3	{'nuc': ['A536G', 'C617T', 'A1042G'], 'HA1': ['K326R']}
A/Madagascar/493/2014	EPI589783	A.3	{'nuc': ['C1670A']}
A/Madagascar/41/2014	EPI516931	A.3	{}
NODE_0000038		A.3	{'nuc': ['G188A', 'G854A', 'A1403G', 'T1460C']}
A/Parana/88/2014	EPI543558	A.3	{'nuc': ['A149G', 'T1532C']}
A/Brazil/4964/2013	EPI509983	A.3	{}
NODE_0000671		A.3	{}
NODE_0000672		A.3	{}
NODE_0000673		A.3	{}
A/Panama/313131/2013	EPI467432	A.3	{'nuc': ['A164G', 'A1271G', 'T1346C', 'G1595A']}
NODE_0000693		A.3	{}
NODE_0000033		A.3	{'nuc': ['A864G'], 'HA1': ['I267V']}
A/Taiwan/741/2013	EPI467050	A.3	{'nuc': ['T800C', 'G1223A']}
A/Tokyo/13084/2013	EPI468496	A.3	{}
NODE_0000695		A.3	{}
NODE_0000032		A.3	{'nuc': ['A340C'], 'HA1': ['K92T']}
A/Pakistan/499/2013	EPI531716	A.3	{'nuc': ['T200A', 'G337A', 'G527A', 'G1073A'], 'HA1': ['N45K', 'S91N']}
A/Srilanka/68/2013	EPI529538	A.3	{'nuc': ['C261T', 'C350T', 'G399A', 'T494C', 'T500C', 'G563A', 'G1433A'], 'HA1': ['V112I']}
NODE_0000697		A.3	{}
A/NewJersey/5/2013	EPI460798	A.3	{'nuc': ['A69G'], 'HA1': ['K2E']}
NODE_0000698		A.3	{}
NODE_0000699		A.3	{}
A/Togo/LNG/398/2013	EPI530691	A.3	{'nuc': ['G290A', 'C320T', 'C410T', 'C971T', 'G1541A', 'G1688A']}
NODE_0000700		A.3	{}
A/Wyoming/2/2014	EPI508699	A.3	{'nuc': ['G63A', 'G626A'], 'SigPep': ['A16T']}
A/Stockholm/27/2013	EPI543071	A.3	{'nuc': ['G222A', 'T611C', 'C1241T'], 'HA1': ['D53N']}
NODE_0000701		A.3	{}
A/Santiago/82830/2013	EPI508648	A.3	{'nuc': ['G488A', 'C575T', 'T623C', 'G710T', 'G850A'], 'HA1': ['S262N']}
NODE_0000029		A.3	{'nuc': ['A1449C'], 'HA2': ['M133L']}
A/PaisVasco/1403/2013	EPI498395	A.3	{}
A/Yokohama/155/2013	EPI497603	A.3	{}
NODE_0000703		A.3	{}
NODE_0000030		A.3	{'nuc': ['A545G', 'A1034G']}
A/Brazil/3459/2013	EPI477434	A.3	{'nuc': ['G52A', 'G1541A'], 'SigPep': ['C12Y']}
A/RiodeJaneiro/34/2014	EPI543543	A.3	{}
NODE_0000705		A.3	{}
NODE_0000706		A.3	{}
A/Ehime/29/2013	EPI463623	A.3	{'nuc': ['G1501A'], 'HA2': ['G150E']}
A/Dakar/20/2013	EPI476766	A.3	{}
NODE_0000707		A.3	{}
A/Victoria/500/2013	EPI466112	A.3	{}
NODE_0000708		A.3	{}
A/Nepal/998B/2013	EPI574094	A.3	{'nuc': ['T494C', 'T594C']}
NODE_0000709		A.3	{}
A/PuertoRico/19/2013	EPI486428	A.3	{'nuc': ['T47C', 'G197A', 'A260C']}
NODE_0000034		A.3	{'nuc': ['T1105A'], 'HA2': ['M18K']}
NODE_0000692		A.3	{}
A/Gothenburg/3/2013	EPI468656	A.3	{}
NODE_0000694		A.3	{}
A/Yokohama/160/2013	EPI497623	A.3	{'nuc': ['G290A', 'T1439C']}
A/India/5757/2014	EPI537103	A.3	{'nuc': ['A785G', 'C860T', 'A950G', 'C971T']}
NODE_0000711		A.3	{}
A/Victoria/232/2013	EPI526810	A.3	{}
NODE_0000712		A.3	{}
A/Lamia/79/2014	EPI516925	A.3	{'nuc': ['G95A', 'T167A', 'T1457C', 'G1626A'], 'HA2': ['A192T']}
NODE_0000713		A.3	{}
A/Iceland/62/2014	EPI536346	A.3	{'nuc': ['C1400T', 'G1433A']}
NODE_0000035		A.3	{'nuc': ['G847A', 'T1049C'], 'HA1': ['R261Q']}
A/Victoria/657/2013	EPI526795	A.3	{}
NODE_0000036		A.3	{'nuc': ['C359T']}
A/Tasmania/8/2014	EPI540705	A.3	{}
A/Tasmania/3/2014	EPI529593	A.3	{'nuc': ['G499A', 'A1613G'], 'HA1': ['S145N']}
NODE_0000043		A.3:L157S	{'nuc': ['T535C'], 'HA1': ['L157S']}
NODE_0000044		A.3:L157S	{'nuc': ['G847A'], 'HA1': ['R261Q']}
A/Lisbon/MS102/2014	EPI539586	A.3:L157S	{'nuc': ['C413A', 'C506T', 'T914C', 'A1046G', 'T1139C', 'C1337T', 'G1574A']}
A/Van/354/2014	EPI516939	A.3:L157S	{'nuc': ['G563A', 'A893G']}
NODE_0000048		A.3:L157S	{'nuc': ['T443C', 'G1340A', 'G1530A', 'G1688A'], 'HA2': ['D160N']}
A/StPetersburg/428/2013	EPI492704	A.3:L157S	{'nuc': ['G63A', 'G226A', 'G399A', 'A1573G', 'T1630C'], 'HA1': ['S54N', 'V112I'], 'HA2': ['K174R', 'I193T'], 'SigPep': ['A16T']}
NODE_0000719		A.3:L157S	{}
A/StPetersburg/RII429S/2014	EPI514487	A.3:L157S	{'nuc': ['C707T', 'G850A', 'C1026A'], 'HA1': ['S262N']}
NODE_0000049		A.3:L157S	{'nuc': ['A218T']}
NODE_0000721		A.3:L157S	{}
A/Uruguay/180/2014	EPI543675	A.3:L157S	{'nuc': ['G392A', 'A518G']}
A/Yaroslavl/234/2014	EPI539645	A.3:L157S	{}
NODE_0000722		A.3:L157S	{}
A/Extremadura/1753/2014	EPI539556	A.3:L157S	{'nuc': ['G222A', 'C911A', 'A1550G'], 'HA1': ['D53N']}
A/Serbia/NS-707/2014	EPI532858	A.3:L157S	{'nuc': ['C299T', 'T484G', 'T566C', 'G1424A'], 'HA1': ['I140R']}
NODE_0000723		A.3:L157S	{}
NODE_0000724		A.3:L157S	{}
NODE_0000045		A.3:L157S	{'nuc': ['C1290A'], 'HA2': ['L80I']}
A/Nepal/413/2013	EPI475339	A.3:L157S	{}
A/Nepal/481/2013	EPI543743	A.3:L157S	{'nuc': ['C320T']}
NODE_0000046		A.3:L157S	{'nuc': ['T509C']}
A/Kazakhstan/3291/2013	EPI503297	A.3:L157S	{'nuc': ['A467G']}
NODE_0000047		A.3:L157S	{'nuc': ['C221T', 'T1389G', 'G1688A'], 'HA2': ['S113A']}
A/Vietnam/210/2014	EPI584691	A.3:L157S	{'nuc': ['T173C']}
A/Washington/18/2013	EPI498500	A.3:L157S	{'nuc': ['A1256G']}
NODE_0000728		A.3:L157S	{}
A/Texas/14/2013	EPI467413	A.3:L157S	{'nuc': ['A341G', 'A738G', 'A1535G'], 'HA1': ['N225D']}
NODE_0000729		A.3:L157S	{}
A/RheinlandPfalz/2/2014	EPI505255	A.3:L157S	{'nuc': ['A98T', 'C116T', 'T476C', 'A898G', 'G1353A'], 'HA1': ['K278R'], 'HA2': ['A101T']}
NODE_0000730		A.3:L157S	{'nuc': ['A941G']}
A/RioGrandedoNorte/130380-IEC/2014	EPI550701	A.3:L157S	{'nuc': ['T603G'], 'HA1': ['W180G']}
NODE_0000050		A.3:L157S	{}
A/Brazil/9879/2014	EPI548958	A.3:L157S	{'nuc': ['G1578A'], 'HA2': ['V176I']}
NODE_0000732		A.3:L157S	{}
A/Bage/LACENRS-1200/2014	EPI996670	A.3:L157S	{'nuc': ['C908T']}
NODE_0000733		A.3:L157S	{}
A/Paraguay/3144/2014	EPI564298	A.3:L157S	{'nuc': ['A695G', 'C1356A', 'G1688A'], 'HA2': ['L102M']}
NODE_0000734		A.3:L157S	{}
A/Viamao/LACENRS-733/2014	EPI997011	A.3:L157S	{}
NODE_0000735		A.3:L157S	{}
A/CruzAlta/LACENRS-2623/2014	EPI997614	A.3:L157S	{'nuc': ['C464T', 'A689G']}
NODE_0000736		A.3:L157S	{}
NODE_0000051		A.3:L157S	{'nuc': ['C617T']}
A/Santiago/70123/2014	EPI560590	A.3:L157S	{'nuc': ['G854A', 'A1193G', 'T1630C'], 'HA2': ['I193T']}
A/Tocantins/18288/2015	EPI579960	A.3:L157S	{}
NODE_0000738		A.3:L157S	{}
A/CruzAlta/LACENRS-2045/2014	EPI997431	A.3:L157S	{'nuc': ['A704G', 'C1172T', 'G1205A', 'T1520A']}
NODE_0000739		A.3:L157S	{}
A/Tocantins/16261/2015	EPI579956	A.3:L157S	{'nuc': ['A483G', 'T706C', 'T1105A', 'T1199C', 'G1202A', 'G1277A', 'G1542A', 'T1551C'], 'HA1': ['I140V', 'I214T'], 'HA2': ['M18K', 'D164N']}
A/SantaCruzdoSul/LACENRS-1625/2014	EPI997741	A.3:L157S	{}
NODE_0000052		A.3:N122D-L157S	{'nuc': ['A429G', 'A1550T'], 'HA1': ['N122D']}
A/England/617/2013	EPI498353	A.3:N122D-L157S	{'nuc': ['T208A', 'T389C', 'A491G', 'T1011C', 'G1430A'], 'HA1': ['I48K']}
NODE_0000741		A.3:N122D-L157S	{}
NODE_0000053		A.3:N122D-L157S	{'nuc': ['C203T', 'G1650A'], 'HA2': ['V200I']}
A/Wisconsin/45/2013	EPI503483	A.3:N122D-L157S	{'nuc': ['C1064T', 'G1097A', 'C1670T']}
NODE_0000743		A.3:N122D-L157S	{}
A/Rennes/641/2014	EPI533682	A.3:N122D-L157S	{'nuc': ['T602C', 'A689G', 'A1214G']}
NODE_0000744		A.3:N122D-L157S	{}
A/Trieste/41/2013	EPI505271	A.3:N122D-L157S	{'nuc': ['A1104G'], 'HA2': ['M18V']}
NODE_0000745		A.3:N122D-L157S	{}
A/England/256/2014	EPI536316	A.3:N122D-L157S	{}
A/Norway/1078/2014	EPI530621	A.3:N122D-L157S	{}
NODE_0000054		A.3:N122D-L157S	{'nuc': ['G249A', 'T1105A'], 'HA1': ['E62K'], 'HA2': ['M18K']}
NODE_0000747		A.3:N122D-L157S	{}
NODE_0000748		A.3:N122D-L157S	{}
A/Bremen/1/2014	EPI515163	A.3:N122D-L157S	{}
NODE_0000056		A.3:N122D-L157S	{'nuc': ['G1433A']}
A/VelikyNovgorod/223/2014	EPI539639	A.3:N122D-L157S	{'nuc': ['C971T', 'A1218G'], 'HA2': ['I56V']}
A/Luxembourg/14005789/2014	EPI673027	A.3:N122D-L157S	{'nuc': ['A138G', 'A1608G'], 'HA1': ['I25V'], 'HA2': ['I186V']}
NODE_0000750		A.3:N122D-L157S	{}
A/SriLanka/48/2014	EPI562006	A.3:N122D-L157S	{'nuc': ['A138C'], 'HA1': ['I25L']}
NODE_0000751		A.3:N122D-L157S	{}
A/Srilanka/42/2014	EPI551669	A.3:N122D-L157S	{}
NODE_0000055		A.3:N122D-L157S	{'nuc': ['A71G', 'G79A', 'A157G', 'C413T', 'T680C'], 'HA1': ['G5E', 'N31S']}
A/Trollhattan/1/2015	EPI570167	A.3:N122D-L157S	{'nuc': ['T227G', 'T650C', 'G1688A'], 'HA1': ['S54R']}
B/Victoria/108/2015	EPI957061	A.3:N122D-L157S	{'nuc': ['G71T'], 'HA1': ['K2N']}
NODE_0000057		A.3:N122D-L157S	{'nuc': ['A313G', 'G626A', 'G847A'], 'HA1': ['K83R', 'R261Q']}
NODE_0000058		A.3:N122D-L157S	{'nuc': ['A260T']}
A/Victoria/503/2014	EPI538544	A.3:N122D-L157S	{'nuc': ['G236T', 'C1124T', 'G1277A'], 'HA1': ['Q57H']}
NODE_0000755		A.3:N122D-L157S	{}
A/Tucuman/I2377/2014	EPI564885	A.3:N122D-L157S	{'nuc': ['C66A', 'A130C', 'A662G', 'A841G', 'A842T', 'A843T', 'T914C', 'A984C', 'G985C'], 'HA1': ['Q1K', 'N22T', 'K259S', 'I260L', 'R307P']}
NODE_0000756		A.3:N122D-L157S	{}
A/Victoria/5076/2014	EPI561864	A.3:N122D-L157S	{'nuc': ['A93G', 'T368C', 'G1213A'], 'HA1': ['T10A'], 'HA2': ['R54Q']}
NODE_0000757		A.3:N122D-L157S	{}
A/Bucharest/179471/2015	EPI599626	A.3:N122D-L157S	{'nuc': ['A626G', 'T1136C', 'G1688T'], 'HA2': ['K212N']}
A/PaysdeLoire/1457/2015	EPI678115	A.3:N122D-L157S	{'nuc': ['G143A', 'A779G', 'G899A', 'T1292C']}
NODE_0000742		A.3:N122D-L157S	{}
A/Lithuania/5879/2014	EPI539602	A.3:N122D-L157S	{'nuc': ['A1178G']}
NODE_0000758		A.3:N122D-L157S	{}
A/Oman/3676/2014	EPI551896	A.3:N122D-L157S	{'nuc': ['G290A', 'G1664A']}
NODE_0000059		A.3:N122D-L157S	{'nuc': ['A941G']}
A/Malta/MX502071/2015	EPI563197	A.3:N122D-L157S	{'nuc': ['G163A', 'A634G', 'C635A', 'A637C'], 'HA1': ['R33Q', 'D190G', 'Q191P']}
NODE_0000060		A.3.2:Q197H	{'nuc': ['A656C'], 'HA1': ['Q197H']}
NODE_0000761		A.3.2:Q197H	{}
A/Hungary/438/2015	EPI672397	A.3.2:Q197H	{'nuc': ['T650C', 'C1229T', 'A1382G', 'G1446A'], 'HA2': ['D132N']}
NODE_0000061		A.3.2:Q197H	{'nuc': ['C614T', 'C683T', 'G941A', 'G1235A', 'A1253G']}
A/Taiwan/504/2015	EPI630437	A.3.2:Q197H	{}
A/Taiwan/775/2015	EPI630455	A.3.2:Q197H	{'nuc': ['T35C', 'C338T', 'A785G']}
NODE_0000763		A.3.2:Q197H	{}
A/Netherlands/620/2015	EPI590364	A.3.2:Q197H	{'nuc': ['A785G', 'A1268G']}
NODE_0000062		A.3.2:Q197H	{'nuc': ['G1568A']}
NODE_0000765		A.3.2:Q197H	{}
A/Belgium/G678/2014	EPI2050449	A.3.2:Q197H	{}
A/Netherlands/571/2015	EPI590304	A.3.2:Q197H	{'nuc': ['C221T', 'C1001A'], 'HA1': ['S312R']}
NODE_0000766		A.3.2:Q197H	{}
A/Poland/1900/2015	EPI630743	A.3.2:Q197H	{'nuc': ['C299T', 'A1502G', 'T1655C']}
A/Austria/838274/2015	EPI576460	A.3.2:Q197H	{'nuc': ['G429A'], 'HA1': ['D122N']}
NODE_0000063		A.3	{'nuc': ['G477T'], 'HA1': ['A138S']}
A/Texas/11/2013	EPI459787	A.3	{'nuc': ['C932T']}
NODE_0000064		A.3	{'nuc': ['T541C', 'G557A', 'T653A', 'A738G', 'T1121C'], 'HA1': ['F159S', 'N225D']}
NODE_0000769		A.3	{}
A/Stockholm/6/2014	EPI508257	A.3	{'nuc': ['G1574A']}
NODE_0000065		A.3	{'nuc': ['G1430A']}
A/Wisconsin/27/2014	EPI548078	A.3	{'nuc': ['T176C', 'A1100T', 'G1445A']}
A/Srilanka/29/2014	EPI540939	A.3	{}
NODE_0000066		C	{'nuc': ['A1042G'], 'HA1': ['K326R']}
A/Switzerland/9715293/2013-egg	EPI696955	C	{'nuc': ['T484G', 'G622T', 'C721A'], 'HA1': ['I140R', 'G186V', 'S219Y']}
NODE_0000775		C	{}
A/Switzerland/9715293/2013	EPI814528	C	{}
NODE_0000069		C	{'nuc': ['A281G', 'T706C', 'C1493A'], 'HA1': ['I214T']}
A/Yokohama/89/2014	EPI552570	C	{'nuc': ['A341C', 'A1631G'], 'HA1': ['K92N'], 'HA2': ['I193M']}
NODE_0000070		C	{'nuc': ['G447A'], 'HA1': ['A128T']}
A/Wellington/81/2014	EPI551852	C	{}
A/Waikato/8/2014	EPI551799	C	{}
NODE_0000778		C	{}
A/Vietnam/7/2014	EPI630011	C	{'nuc': ['C54T', 'C1138T'], 'HA2': ['S29F']}
NODE_0000779		C	{}
A/Macau/610289/2014	EPI541162	C	{'nuc': ['G236A']}
NODE_0000780		C	{}
A/Virginia/8/2014	EPI520424	C	{'nuc': ['T1004C', 'G1358A']}
A/Kobe/63/2014	EPI554572	C	{'nuc': ['G297A', 'C410G', 'C692T'], 'HA1': ['G78S']}
NODE_0000074		C	{'nuc': ['T345C', 'G1042A'], 'HA1': ['Y94H', 'R326K']}
A/Oman/4289/2014	EPI551900	C	{'nuc': ['T602C', 'A944T', 'A1148G', 'A1256G']}
NODE_0000075		C	{'nuc': ['A1427G'], 'HA1': ['L3I']}
A/Wisconsin/11/2014	EPI537869	C	{'nuc': ['A68G', 'C72A', 'G1307A']}
NODE_0000076		C	{'nuc': ['G188A', 'C803T', 'G1433A']}
A/Uruguay/86/2015	EPI662369	C	{'nuc': ['C72A', 'G392A', 'T431C', 'A662G', 'A1047G'], 'HA1': ['T328A']}
NODE_0000077		C	{'nuc': ['G647A', 'A659T', 'A1151G'], 'HA1': ['I3L']}
A/Zonguldak/3161/2016	EPI829373	C	{'nuc': ['A1178G', 'C1337T']}
NODE_0000078		C	{'nuc': ['A248G']}
A/Bucharest/191366/2016	EPI769483	C	{'nuc': ['T494C', 'G1589A']}
A/NordPasDeCalais/2518/2015	EPI704220	C	{}
NODE_0000087		C	{'nuc': ['T308C']}
NODE_0000090		C	{'nuc': ['C743T']}
A/Nepal/1642A/2014	EPI578962	C	{}
A/India/6216/2014	EPI539182	C	{}
NODE_0000788		C	{}
A/Nepal/464/2014	EPI715759	C	{'nuc': ['T902A', 'C1404T']}
NODE_0000789		C	{}
NODE_0000790		C	{}
A/Victoria/806/2014	EPI540738	C	{'nuc': ['C410T', 'C654A'], 'HA1': ['Q197K']}
NODE_0000791		C	{}
NODE_0000792		C	{}
A/Ulaanbaatar/4846/2014	EPI562122	C	{'nuc': ['G113A', 'G699T'], 'HA1': ['A212S']}
A/Nepal/1564/2014	EPI715769	C	{'nuc': ['G436A', 'A1016G'], 'HA1': ['S124N']}
NODE_0000793		C	{}
A/Wakayama-C/88/2014	EPI543759	C	{'nuc': ['T26C', 'G399A', 'C707A', 'G1221A'], 'HA1': ['V112I'], 'HA2': ['G57R']}
NODE_0000088		C	{'nuc': ['A250G'], 'HA1': ['E62G']}
A/Yunnan-Wenshan/1904/2014	EPI554685	C	{'nuc': ['T227C']}
A/Guangdong/753/2014	EPI1034394	C	{'nuc': ['C541T', 'A1382T'], 'HA1': ['S159F']}
NODE_0000795		C	{}
NODE_0000089		C	{'nuc': ['T512C', 'A554G', 'A1019G', 'T1076G', 'A1268G']}
A/Madagascar/2395/2014	EPI574621	C	{'nuc': ['C72A'], 'HA1': ['L3I']}
A/Madagascar/3069/2014	EPI561789	C	{}
NODE_0000797		C	{}
A/Jiangxi-Donghu/11101/2014	EPI549532	C	{'nuc': ['C131T', 'T500C', 'C541A', 'G1664A'], 'HA1': ['S159Y']}
NODE_0000798		C	{}
A/Glasgow/4144/2014	EPI539570	C	{}
NODE_0000799		C	{}
A/Nepal/630/2014	EPI715761	C	{}
NODE_0000091		C	{'nuc': ['T657C', 'C884T', 'G1007A'], 'HA1': ['S198P']}
A/Tokyo/34254/2014	EPI552636	C	{'nuc': ['G374A', 'C1118T']}
NODE_0000092		C	{'nuc': ['G249A', 'T345C', 'T362C'], 'HA1': ['E62K', 'Y94H']}
A/Yokosuka/9/2014	EPI562134	C	{'nuc': ['C284T', 'A1157G']}
A/Yokohama/92/2014	EPI552572	C	{}
NODE_0000784		C	{}
A/Nc/4690/2014	EPI1201018	C	{'nuc': ['A45-', 'T46-', 'T47-', 'C48-', 'T49-', 'A50-', 'T51-', 'G52-', 'T53-', 'C126-', 'C127-', 'A128-', 'A129-', 'A130-', 'C131-', 'G132-', 'G133-', 'A134-', 'A135-', 'C136-', 'G137-', 'A138-', 'T139-', 'A140-', 'G141-', 'T142-', 'G143-', 'A144-', 'A145-', 'A146-', 'A352G', 'T643C', 'A897-', 'A898-', 'G899-', 'T900-', 'C901-', 'T902-', 'G903-', 'A904-', 'A905-', 'T906-', 'G907-', 'C908-', 'A909-', 'T910-', 'C911-', 'A912-', 'C913-', 'T914-', 'T1652A'], 'HA1': ['P21-', 'N22-', 'G23-', 'T24-', 'I25-', 'V26-', 'K27-', 'N96S', 'F193S', 'K278-', 'S279-', 'E280-', 'C281-', 'I282-', 'T283-'], 'SigPep': ['I10-', 'L11-', 'C12-']}
NODE_0000785		C	{}
NODE_0000071		C	{'nuc': ['G436A'], 'HA1': ['S124N']}
A/Vietnam/594/2014	EPI565875	C	{'nuc': ['A407C', 'C533T', 'A956G', 'A1281C'], 'HA2': ['I77L']}
NODE_0000072		C	{'nuc': ['A841G'], 'HA1': ['K259R']}
A/Shandong-Zhifu/1499/2014	EPI1067817	C	{'nuc': ['G1000A', 'G1179T'], 'HA1': ['S312N'], 'HA2': ['A43S']}
NODE_0000073		C	{'nuc': ['G249A', 'C410T', 'T643C', 'G1589A'], 'HA1': ['E62K', 'F193S']}
A/Vietnam/627/2014	EPI564763	C	{}
A/Vietnam/630/2014	EPI564758	C	{'nuc': ['A218C', 'A934G'], 'HA1': ['N290S']}
NODE_0000802		C	{}
A/Tasmania/11/2014	EPI539689	C	{'nuc': ['C66A'], 'HA1': ['Q1K']}
NODE_0000803		C	{}
A/Norway/466/2014	EPI530647	C	{}
NODE_0000804		C	{}
A/SouthAustralia/55/2014	EPI2186759	C	{'nuc': ['A685G', 'A866T'], 'HA1': ['K207R']}
NODE_0000805		C	{}
NODE_0000068		C	{'nuc': ['C396T']}
A/Sichuan-Gaoxin/1192/2014	EPI554913	C	{'nuc': ['C541T', 'G1586A'], 'HA1': ['S159F']}
A/Yunnan-Wenshan/1805/2015	EPI697492	C	{'nuc': ['A22G'], 'SigPep': ['K2R']}
NODE_0000807		C	{}
A/Thailand/CU-H3656/2014	EPI684850	C	{'nuc': ['A426T'], 'HA1': ['N121Y']}
NODE_0000808		C	{}
A/Wellington/94/2014	EPI630013	C	{'nuc': ['G113A', 'G447A'], 'HA1': ['A128T']}
NODE_0000809		C	{}
NODE_0000810		C	{}
A/SaudiArabia/8/2014	EPI966138	C	{'nuc': ['A872G']}
NODE_0000811		C	{}
A/Tianjin-Hexi/195/2015	EPI586374	C	{'nuc': ['T389C', 'C428T', 'A467G', 'G699T', 'G1223A'], 'HA1': ['A212S']}
A/Yunnan-Linxiang/11032/2014	EPI554667	C	{'nuc': ['A491G']}
NODE_0000812		C	{}
NODE_0000079		C	{'nuc': ['T657C', 'C1187T'], 'HA1': ['S198P']}
NODE_0000814		C	{}
A/Texas/88/2016	EPI752312	C	{'nuc': ['T59C', 'A140G', 'C410T', 'T449C', 'G499A', 'T643C', 'C883T', 'T1011C', 'T1139A', 'G1530A'], 'HA1': ['I25M', 'S145N', 'F193S', 'P273L'], 'HA2': ['D160N']}
NODE_0000080		C	{'nuc': ['A250G', 'G1073A'], 'HA1': ['E62G']}
A/Valdivia/72413/2015	EPI679043	C	{}
A/Talca/79797/2015	EPI688165	C	{'nuc': ['A856G'], 'HA1': ['K264R']}
NODE_0000081		C	{'nuc': ['C299A', 'G1000A'], 'HA1': ['S312N']}
NODE_0000083		C	{'nuc': ['T230C', 'C539T', 'C548T', 'C560T']}
A/Uganda/2447/2016	EPI955830	C	{'nuc': ['C221T', 'G249A', 'A352G', 'T484A', 'T824C', 'G1073A', 'G1208A', 'G1340A', 'C1529T', 'A1535G', 'T1544A'], 'HA1': ['E62K', 'N96S', 'I140K'], 'HA2': ['D164E']}
A/Valparaiso/63203/2016	EPI978523	C	{'nuc': ['C239T', 'C533T', 'A776G']}
NODE_0000818		C	{}
NODE_0000082		C	{'nuc': ['A719G', 'C971T']}
A/Roraima/144238-IEC/2016	EPI910635	C	{'nuc': ['T431C', 'A557G', 'A655G'], 'HA1': ['Q197R']}
A/Nevada/22/2016	EPI747840	C	{}
NODE_0000084		C	{'nuc': ['G197A', 'C654A', 'A734C', 'G1721A'], 'HA1': ['Q197K']}
NODE_0000821		C	{}
A/Perth/22/2016	EPI836840	C	{'nuc': ['G609A', 'A1151G', 'A1668C'], 'HA1': ['V182I'], 'HA2': ['I206L']}
NODE_0000085		C	{'nuc': ['T325A', 'T362C', 'A496G', 'C1644A'], 'HA1': ['F87Y', 'N144S'], 'HA2': ['L198I']}
A/Idaho/33/2016-egg	EPI814081	C	{}
A/Idaho/33/2016	EPI824878	C	{}
NODE_0000086		C	{'nuc': ['T176C', 'A340G', 'A704G'], 'HA1': ['K92R']}
A/Wellington/4/2016	EPI831663	C	{'nuc': ['G56A', 'T512C', 'A690G', 'A1394G'], 'HA1': ['S209G']}
NODE_0000824		C	{}
A/Victoria/504/2016	EPI2055226	C	{}
NODE_0000825		C	{}
A/NewZealand/831/2016	EPI841064	C	{'nuc': ['G1205A', 'C1654T'], 'HA2': ['A201V']}
A/Townsville/51/2016	EPI903913	C	{'nuc': ['C469A', 'G626T', 'T833C', 'T887C', 'G962A', 'C1172T'], 'HA1': ['T135K']}
NODE_0000093		C	{'nuc': ['A43G', 'T200C', 'G782A', 'G1530A'], 'HA2': ['D160N'], 'SigPep': ['Y9C']}
A/Peru/27/2015	EPI629582	C	{'nuc': ['G113A', 'A485G'], 'HA1': ['I140M']}
NODE_0000094		C	{'nuc': ['C72A', 'G337A', 'G392A', 'T497A', 'T643C', 'C1166T', 'T1656C'], 'HA1': ['L3I', 'S91N', 'N144K', 'F193S']}
NODE_0000095		C	{'nuc': ['G78A', 'G222A', 'A250G', 'C721A', 'C1196A', 'T1244C', 'G1586A'], 'HA1': ['G5R', 'D53N', 'E62G', 'S219Y']}
A/Colombia/6646/2017	EPI1161655	C	{'nuc': ['A430G', 'C560T', 'G1353T', 'A1535G', 'T1551C'], 'HA1': ['N122S'], 'HA2': ['A101S']}
A/Kenya/160/2018	EPI1356464	C	{'nuc': ['C200T', 'G399A', 'T623G', 'A986G', 'G1717A'], 'HA1': ['V112I']}
NODE_0000096		C	{'nuc': ['G608T', 'A1259G', 'A1502G']}
A/Texas/71/2017	EPI1049544	C	{'nuc': ['C560T']}
NODE_0000817		C	{}
A/Virginia/27/2017	EPI1006350	C	{'nuc': ['C1212A']}
NODE_0000097		C	{'nuc': ['T326C', 'C932A', 'C977A']}
A/SantaCatarina/918/2017	EPI1145943	C	{'nuc': ['G1542A'], 'HA2': ['D164N']}
NODE_0000831		C	{}
NODE_0000832		C	{}
A/Pernambuco/151608-IEC/2018	EPI1305026	C	{}
A/Brazil/4139/2018	EPI1313295	C	{'nuc': ['G23A', 'T58C', 'G63A', 'A263G', 'A337G', 'T425C', 'G451A', 'G647A', 'G990A', 'C1290A'], 'HA1': ['N91S', 'G129E', 'V309I'], 'HA2': ['L80I'], 'SigPep': ['V14A', 'A16T']}
NODE_0000098		C.1	{'nuc': ['C383A', 'A893G', 'A1499G'], 'HA2': ['I149M']}
NODE_0000822		C.1	{}
A/Kansas/14/2017-egg	EPI1398431	C.1	{'nuc': ['G633A'], 'HA1': ['D190N']}
NODE_0000834		C.1	{}
A/Kansas/14/2017	EPI1504535	C.1	{}
NODE_0000835		C.1	{}
A/Indiana/8/2018	EPI1197165	C.1	{'nuc': ['T1460C']}
NODE_0000099		C.1	{'nuc': ['C231T', 'A310G', 'A426G', 'A452G', 'G812A', 'G1688A'], 'HA1': ['H56Y', 'K82R', 'N121D']}
A/Peru/6019/2019	EPI1643038	C.1	{'nuc': ['C131T', 'A848G', 'G1343A', 'G1361A', 'G1424A']}
NODE_0000100		C.1	{'nuc': ['G1574A', 'T1604C']}
A/Wellington/52/2019	EPI1671504	C.1	{'nuc': ['C410T']}
NODE_0000838		C.1	{}
A/Wellington/53/2019	EPI1671507	C.1	{'nuc': ['G1127A', 'A1317G'], 'HA2': ['I89V']}
NODE_0000101		C.1	{'nuc': ['T55C', 'A150G', 'G213A', 'A235G', 'T377C', 'C716T', 'G1097A', 'C1212A', 'G1259A', 'C1325G', 'T1379C', 'C1380T', 'A1391T', 'G1499T', 'C1571T', 'T1641C'], 'HA1': ['I29V', 'E50K', 'Q57R'], 'HA2': ['M149I'], 'SigPep': ['L13P']}
A/Brisbane/501/2021	EPI1884994	C.1	{}
A/Newcastle/1/2021	EPI1924447	C.1	{'nuc': ['T179C', 'T231C', 'A1022G', 'G1664T'], 'HA1': ['Y56H']}
NODE_0000102		C.1	{'nuc': ['A335G']}
NODE_0000103		C.1	{'nuc': ['G1259A', 'C1262T']}
A/Albania/80/2019	EPI1557560	C.1	{}
A/Valladolid/560/2018	EPI1436563	C.1	{}
NODE_0000104		C.1	{'nuc': ['A1101T', 'A1511G', 'C1654T'], 'HA2': ['M17L', 'A201V']}
A/Bolivia/3906/2018	EPI1329333	C.1	{'nuc': ['G63A'], 'SigPep': ['A16T']}
NODE_0000843		C.1	{}
NODE_0000105		C.1	{'nuc': ['C911T', 'G1127A']}
NODE_0000107		C.1	{'nuc': ['T914C', 'A1553G']}
A/Argentina/2852/2019	EPI1649104	C.1	{'nuc': ['G63A', 'G213A', 'G710A', 'T1011C', 'C1220T', 'A1226G', 'G1259A', 'G1277A', 'A1469G'], 'HA1': ['E50K'], 'SigPep': ['A16T']}
NODE_0000846		C.1	{}
A/Argentina/1333/2019	EPI1586024	C.1	{'nuc': ['C94T', 'T408G', 'T1112C'], 'HA1': ['T10M', 'S115A']}
A/Peru/6219/2019	EPI1686121	C.1	{'nuc': ['T425C', 'A704G', 'A1151G', 'T1244C', 'C1355T', 'C1404T']}
NODE_0000847		C.1	{}
NODE_0000106		C.1	{'nuc': ['G163A', 'C326T'], 'HA1': ['R33Q']}
A/Victoria/975/2019	EPI1583343	C.1	{'nuc': ['T1283C', 'A1394G', 'A1555G', 'G1574A'], 'HA2': ['N168S']}
A/Suriname/828/2019	EPI1606459	C.1	{'nuc': ['G847A'], 'HA1': ['R261Q']}
NODE_0000849		C.1	{}
A/Kosovo/1188/2019	EPI1543134	C.1	{'nuc': ['A864G', 'A1367G'], 'HA1': ['I267V']}
NODE_0000850		C.1	{}
A/Pennsylvania/866/2019	EPI1439863	C.1	{'nuc': ['C469A', 'T566C', 'A674G'], 'HA1': ['T135K']}
A/Finland/114/2019	EPI1447739	C.1	{'nuc': ['A87G', 'C570T', 'A1449G'], 'HA1': ['N8D', 'P169S'], 'HA2': ['M133V']}
NODE_0000851		C.1	{}
A/Malta/53539/2019	EPI1394094	C.1	{}
NODE_0000852		C.1	{}
A/Peru/6619/2019	EPI1643125	C.1	{'nuc': ['C320T', 'T660C', 'G805A', 'C1229A', 'G1595A', 'G1700A'], 'HA1': ['S199P', 'S247N']}
NODE_0000108		C.1	{'nuc': ['A1034G', 'G1097A', 'C1337T', 'G1340A']}
A/Ireland/95068/2019	EPI1655591	C.1	{'nuc': ['G1575A', 'T1652C'], 'HA2': ['G175R']}
NODE_0000854		C.1	{'nuc': ['G1541A']}
A/Austria/1210937/2019	EPI1675185	C.1	{}
NODE_0000109		C.1	{}
NODE_0000110		C.1	{'nuc': ['T473C']}
A/Victoria/79/2020	EPI1733837	C.1	{'nuc': ['T345C', 'T494C'], 'HA1': ['Y94H']}
A/Alicante/19_1053/2020	EPI1745601	C.1	{'nuc': ['T657C', 'G1235A', 'A1535G'], 'HA1': ['S198P']}
NODE_0000111		C.1	{'nuc': ['G1277A']}
A/Victoria/2873/2019	EPI1690337	C.1	{'nuc': ['G488A', 'A1274G']}
A/Denmark/321/2020	EPI1676080	C.1	{'nuc': ['A1558G'], 'HA2': ['N169S']}
NODE_0000848		C.1	{}
A/Catalonia/840918S/2019	EPI1676281	C.1	{}
A/Nepal/20FL0243/2020	EPI1805953	C.1	{'nuc': ['G155T', 'C359T', 'A1316G', 'T1463C', 'T1640C']}
NODE_0000858		C.1	{}
A/Brest/2490/2019	EPI1638863	C.1	{'nuc': ['C1323T'], 'HA2': ['L91F']}
NODE_0000859		C.1	{}
NODE_0000860		C.1	{}
A/Luxembourg/LNS8654682/2020	EPI1755661	C.1	{'nuc': ['T227C', 'G1104A'], 'HA2': ['V18M']}
A/Hungary/108/2020	EPI1800576	C.1	{'nuc': ['C161T', 'C1206T']}
NODE_0000861		C.1	{}
A/Belgium/S0686/2020	EPI1749174	C.1	{'nuc': ['C911A', 'C947T']}
NODE_0000862		C.1	{}
A/Netherlands/94/2020	EPI1691550	C.1	{}
A/Estonia/127241/2020	EPI1766872	C.1	{'nuc': ['A674G', 'T1619C']}
NODE_0000112		unassigned	{'nuc': ['A1535G']}
A/Singapore/22/2012	EPI466085	unassigned	{}
NODE_0000864		unassigned	{}
A/Zhejiang-Yuecheng/1612/2013	EPI498672	unassigned	{'nuc': ['G436A', 'G990A', 'T1088C'], 'HA1': ['S124N', 'V309I']}
NODE_0000113		A.2	{'nuc': ['G710A', 'C1508A', 'G1530A'], 'HA2': ['D160N']}
NODE_0000118		A.2	{'nuc': ['C239T', 'G1073A', 'T1175C']}
A/PassoFundo/LACENRS-1533/2013	EPI997039	A.2	{'nuc': ['G1097A', 'G1104A', 'A1271G'], 'HA2': ['V18M']}
NODE_0000119		A.2	{'nuc': ['G620A']}
NODE_0000120		A.2	{'nuc': ['G830A', 'T992C', 'G1127A']}
A/Venezuela/5/2013	EPI467246	A.2	{}
A/Nagasaki/13N001/2014	EPI507788	A.2	{'nuc': ['G155A', 'T302C', 'T329C', 'G477T', 'A495G', 'A944T'], 'HA1': ['A138S', 'N144D']}
NODE_0000869		A.2	{}
A/Valparaiso/34097/2013	EPI467416	A.2	{'nuc': ['A156G', 'G557A', 'C1337T'], 'HA1': ['N31D']}
A/Uruguay/396/2013	EPI467422	A.2	{'nuc': ['G56T', 'C1556T']}
NODE_0000121		A.2	{'nuc': ['T1011C']}
NODE_0000122		A.2	{}
A/Tokyo/32045/2014	EPI552616	A.2	{'nuc': ['T272A', 'A1157G', 'T1186C', 'T1190C', 'G1307A'], 'HA2': ['I45T']}
NODE_0000123		A.2	{'nuc': ['T89C', 'G113A']}
A/Thailand/CU-B7992/2013	EPI684801	A.2	{'nuc': ['G163A', 'A199G', 'T208C', 'T302C', 'C387T', 'C417T', 'C464T', 'C493A', 'C533T', 'G605C', 'C625T', 'G626C', 'C679A', 'C721G', 'A732C', 'G737A', 'T740C', 'G899T', 'A1002C', 'C1005T', 'C1011A'], 'HA1': ['R33Q', 'N45S', 'I48T', 'L108F', 'S143Y', 'W180C', 'T187I', 'S205Y', 'S219C', 'I223L', 'K278N', 'T313P', 'L316M']}
A/Thailand/CU-H3584/2013	EPI684826	A.2	{'nuc': ['A223G', 'T245C', 'T566C', 'A1157G'], 'HA1': ['D53G']}
NODE_0000873		A.2	{}
A/Nepal/307/2013	EPI544190	A.2	{'nuc': ['T722A']}
NODE_0000874		A.2	{}
A/Slovenia/2576/2013	EPI503347	A.2	{'nuc': ['G23A', 'C1079T', 'G1516A', 'T1646C'], 'HA2': ['G155E']}
NODE_0000124		A.2	{'nuc': ['T345C', 'G419A', 'G962A'], 'HA1': ['Y94H']}
A/Tokyo/34059/2014	EPI540139	A.2	{'nuc': ['C254T']}
NODE_0000125		A.2	{'nuc': ['A872G', 'A1028G']}
A/Taiwan/864/2013	EPI503917	A.2	{'nuc': ['C1064T']}
A/Taiwan/442/2014	EPI536502	A.2	{'nuc': ['C727T'], 'HA1': ['P221L']}
NODE_0000877		A.2	{}
A/Taiwan/469/2014	EPI536506	A.2	{'nuc': ['T227C', 'A264G'], 'HA1': ['I67V']}
NODE_0000126		A.2	{'nuc': ['G850A'], 'HA1': ['S262N']}
A/Yamagata/197/2014	EPI537511	A.2	{'nuc': ['G1286A']}
A/Yamagata/186/2014	EPI537766	A.2	{}
NODE_0000879		A.2	{}
NODE_0000880		A.2	{}
NODE_0000117		A.2	{'nuc': ['T815C', 'C1475T']}
A/Victoria/573/2013	EPI491545	A.2	{'nuc': ['G1040A', 'A1427G']}
A/Perth/98/2013	EPI526685	A.2	{'nuc': ['T176C']}
NODE_0000882		A.2	{}
A/Taiwan/690/2013	EPI467037	A.2	{'nuc': ['G222A', 'G1589A'], 'HA1': ['D53N']}
NODE_0000883		A.2	{}
NODE_0000114		A.2	{'nuc': ['C629T', 'A771G'], 'HA1': ['I236V']}
A/Vietnam/NT225/2013	EPI508439	A.2	{'nuc': ['T1520C']}
A/Vietnam/CD367H/2013	EPI508669	A.2	{}
NODE_0000115		A.2	{'nuc': ['C983A', 'C1187A']}
A/Victoria/506/2013	EPI526675	A.2	{'nuc': ['C959T']}
A/Victoria/528/2013	EPI491229	A.2	{'nuc': ['A738G', 'C981T'], 'HA1': ['N225D', 'P306S']}
NODE_0000886		A.2	{}
NODE_0000887		A.2	{}
NODE_0000888		A.2	{}
A/Thailand/CU-B8745/2013	EPI684823	A.2	{'nuc': ['T58G', 'C645T', 'C671T', 'G995A', 'G1142A'], 'SigPep': ['V14G']}
A/Yokohama/159/2013	EPI491047	A.2	{'nuc': ['T287C', 'T713C', 'A1010G']}
NODE_0000889		A.2	{}
A/Tak/166/2013	EPI585035	A.2	{}
NODE_0000116		A.2	{'nuc': ['T1313C']}
A/Vietnam/NT252/2013	EPI508661	A.2	{'nuc': ['A518G', 'A1067T', 'T1283C']}
A/Vietnam/VP13-65/2013	EPI465226	A.2	{}
NODE_0000127		A.2	{'nuc': ['C72A'], 'HA1': ['L3I']}
NODE_0000128		A.2	{'nuc': ['C464T']}
A/Yalova/4145/2013	EPI507891	A.2	{}
A/Toulon/3038/2013	EPI503355	A.2	{'nuc': ['A50G', 'A1010G', 'C1241T']}
NODE_0000129		A.2	{'nuc': ['A496G', 'A544C', 'A738G', 'A998T'], 'HA1': ['N144S', 'K160T', 'N225D', 'Q311H']}
A/Bangladesh/2021/2013	EPI508656	A.2	{'nuc': ['C299A', 'A872G']}
NODE_0000130		A.2	{'nuc': ['G1277A']}
NODE_0000131		A.2	{'nuc': ['T722C', 'C1493T', 'G1516A'], 'HA2': ['G155E']}
A/Thailand/CU-H3626/2014	EPI684837	A.2	{'nuc': ['A841G'], 'HA1': ['K259R']}
A/Thailand/CU-H3611/2014	EPI684835	A.2	{'nuc': ['A198G'], 'HA1': ['N45D']}
NODE_0000132		B	{'nuc': ['T541A'], 'HA1': ['F159Y']}
A/HongKong/4801/2014-egg	EPI731467	B	{'nuc': ['A352G', 'T484A', 'C544A', 'T646C'], 'HA1': ['N96S', 'I140K', 'T160K', 'L194P']}
NODE_0000135		B	{'nuc': ['A157G'], 'HA1': ['N31S']}
A/Thailand/CU-H3649/2014	EPI684842	B	{'nuc': ['T185C', 'G488A', 'T611C', 'C644T', 'A674G', 'G871A', 'A1472T'], 'HA1': ['R269K']}
NODE_0000136		B.4	{'nuc': ['G222A', 'T287C', 'A489G', 'A495C', 'T578A', 'T640C', 'A656T', 'G1574A'], 'HA1': ['D53N', 'R142G', 'S144R', 'N171K', 'I192T', 'Q197H']}
NODE_0000141		B.4	{'nuc': ['G797A', 'G1097A']}
A/Yokohama/139/2017	EPI1037870	B.4	{'nuc': ['T308C', 'T345C', 'C417A', 'A491G', 'G847A'], 'HA1': ['Y94H', 'L118M', 'R261Q']}
NODE_0000900		B.4	{}
A/Townsville/1/2017	EPI1022196	B.4	{'nuc': ['A80G', 'A150G'], 'HA1': ['I29V']}
NODE_0000142		B.4	{'nuc': ['G1650A'], 'HA2': ['V200I']}
A/Yokohama/31/2017	EPI972330	B.4	{}
NODE_0000902		B.4	{}
A/Bermuda/362/2017	EPI1038700	B.4	{'nuc': ['C437T', 'A898G'], 'HA1': ['K278R']}
NODE_0000903		B.4	{}
A/Honduras/188/2017	EPI1026934	B.4	{'nuc': ['C1610T']}
A/Yamanashi/1790/2017	EPI1055130	B.4	{}
NODE_0000904		B.4	{}
NODE_0000137		B.4	{'nuc': ['T1484C']}
A/Yokohama/84/2017	EPI1002828	B.4	{'nuc': ['T623C', 'G1524A'], 'HA2': ['D158N']}
A/Singapore/TT0096/2017	EPI957225	B.4	{'nuc': ['G101A']}
NODE_0000906		B.4	{}
A/Indonesia/Nihrd-Pal350/2017	EPI1130171	B.4	{'nuc': ['C1337T']}
NODE_0000138		B.4	{'nuc': ['C386T']}
NODE_0000139		B.4	{'nuc': ['G975A', 'T1389G', 'T1604C'], 'HA1': ['A304T'], 'HA2': ['S113A']}
A/Victoria/2018/2017	EPI1031671	B.4	{}
A/Valladolid/182/2017	EPI1154884	B.4	{'nuc': ['C1584T']}
NODE_0000909		B.4	{}
A/Bangladesh/1010/2017	EPI1026726	B.4	{'nuc': ['A1505C']}
NODE_0000140		B.4	{'nuc': ['A164G', 'A165G', 'A584T', 'T623C', 'A789C', 'T953C', 'C1048G', 'A1436G'], 'HA1': ['I34V', 'Q173H', 'I242L', 'T328S']}
A/Latvia/3-0738053/2019	EPI1483962	B.4	{'nuc': ['A125G']}
A/Austria/1121455/2019	EPI1491858	B.4	{}
NODE_0000911		B	{}
NODE_0000912		B	{}
A/HongKong/4801/2014	EPI834581	B	{}
NODE_0000913		B	{}
NODE_0000914		B	{}
A/Wisconsin/14/2014	EPI538029	B	{}
A/Thailand/CU-B11065/2014	EPI684857	B	{'nuc': ['G137A', 'A209G', 'G311A', 'A468G', 'T657C'], 'HA1': ['I48M', 'T135A', 'S198P']}
NODE_0000133		B:N171K	{'nuc': ['T578G'], 'HA1': ['N171K']}
A/SriLanka/64/2014	EPI629855	B:N171K	{'nuc': ['G290T', 'C614T', 'A881T'], 'HA1': ['Q75H']}
NODE_0000134		B:N171K	{'nuc': ['G1104A'], 'HA2': ['V18M']}
A/SriLanka/72/2014	EPI629858	B:N171K	{'nuc': ['C846A', 'T1666C'], 'HA2': ['F205S']}
A/SriLanka/1/2015	EPI629843	B:N171K	{}
NODE_0000143		B	{'nuc': ['C1454A']}
NODE_0000918		B	{}
A/Hawaii/47/2014	EPI1736440	B	{}
A/Tocantins/4622/2015	EPI573567	B	{'nuc': ['G1688A']}
NODE_0000144		B	{'nuc': ['G155A']}
A/Stockholm/17/2014	EPI542216	B	{'nuc': ['A485G'], 'HA1': ['I140M']}
NODE_0000149		B:N171K	{'nuc': ['T578G'], 'HA1': ['N171K']}
A/SriLanka/8/2015	EPI652658	B:N171K	{'nuc': ['G1717A', 'G1719A', 'T1724C']}
A/SriLanka/73/2014	EPI629861	B:N171K	{'nuc': ['A207T', 'A843G', 'G871A'], 'HA1': ['I48L', 'I260V', 'R269K']}
NODE_0000148		B	{'nuc': ['G91A'], 'HA1': ['S9N']}
A/NewCaledonia/71/2014	EPI2187036	B	{}
A/NewCaledonia/71/2014-egg	EPI746473	B	{'nuc': ['C17T', 'C544A', 'T646C', 'A739G', 'G1501A'], 'HA1': ['T160K', 'L194P', 'D225G'], 'HA2': ['G150E']}
NODE_0000915		B	{}
NODE_0000150		B	{'nuc': ['T323C']}
A/Victoria/944/2014	EPI2187193	B	{'nuc': ['T329C', 'C884T']}
A/Luxembourg/15008843/2015	EPI675408	B	{'nuc': ['G563A', 'C1064T', 'A1511G', 'A1577G']}
NODE_0000917		B	{}
A/Tokyo/40778/2014	EPI541915	B	{'nuc': ['G1142A']}
NODE_0000146		B	{'nuc': ['C544A'], 'HA1': ['T160K']}
A/Michigan/15/2014	EPI841441	B	{'nuc': ['G730A', 'C846A'], 'HA1': ['R222K']}
A/India/609/2015	EPI715417	B	{'nuc': ['G95A', 'T1637C']}
NODE_0000924		B	{}
A/Ukraine/6456/2015	EPI621809	B	{'nuc': ['T89C', 'A572C', 'A1454C']}
NODE_0000151		B:Q57K	{'nuc': ['A39G', 'C234A'], 'HA1': ['Q57K'], 'SigPep': ['S8G']}
A/Saitama/103/2014-egg	EPI727475	B:Q57K	{'nuc': ['A1369T', 'G1430A'], 'HA2': ['H106L']}
NODE_0000926		B:Q57K	{}
A/Saitama/103/2014	EPI719114	B:Q57K	{}
NODE_0000927		B:Q57K	{}
A/Yokohama/97/2014	EPI555008	B:Q57K	{}
NODE_0000928		B:Q57K	{}
A/Victoria/509/2015	EPI652185	B:Q57K	{'nuc': ['G1719A', 'T1724C']}
A/Yokohama/5/2015	EPI562153	B:Q57K	{'nuc': ['G1104A'], 'HA2': ['V18M']}
NODE_0000152		B	{'nuc': ['A6T', 'C9T']}
NODE_0000153		B	{'nuc': ['A155G']}
A/SaoPaulo/9-134/2014	EPI562787	B	{'nuc': ['T182C', 'T345C', 'C347A'], 'HA1': ['Y94Q']}
A/Singapore/TT141/2015	EPI730519	B	{'nuc': ['G163A', 'G249A', 'A489G', 'A1454C'], 'HA1': ['R33Q', 'E62K', 'R142G']}
NODE_0000154		B	{'nuc': ['T230C', 'C617T', 'T887A', 'G1650A'], 'HA2': ['V200I']}
NODE_0000932		B	{}
A/Scotland/88/2015	EPI1113031	B	{'nuc': ['G1007A']}
A/Singapore/TT089/2015	EPI727569	B	{'nuc': ['A340G'], 'HA1': ['K92R']}
NODE_0000933		B	{}
A/FrancheComte/2198/2014	EPI557279	B	{'nuc': ['G290T', 'T1385A', 'A1502G'], 'HA1': ['Q75H']}
A/Ordu/1603/2014	EPI589797	B	{}
NODE_0000164		B	{'nuc': ['A655G'], 'HA1': ['Q197R']}
NODE_0000165		B	{'nuc': ['G101A', 'C413A', 'C692T']}
A/Mozambique/IR499/2015	EPI672389	B	{'nuc': ['A134G', 'C1388T']}
NODE_0000936		B	{}
NODE_0000937		B	{}
A/SouthAfrica/R3989/2015	EPI630825	B	{'nuc': ['G609A'], 'HA1': ['V182I']}
A/SouthAfrica/R1734/2015	EPI630773	B	{'nuc': ['A677G', 'A944G']}
NODE_0000166		B	{'nuc': ['G1104A'], 'HA2': ['V18M']}
A/Zambia/9-00008/2015	EPI715890	B	{'nuc': ['C320T', 'A785G', 'T1139C', 'C1325T']}
A/SouthAfrica/R4157/2015	EPI630827	B	{'nuc': ['T1130C', 'C1654T'], 'HA2': ['A201V']}
NODE_0000167		B:R142K-Q197R	{'nuc': ['G490A', 'C1364T'], 'HA1': ['R142K']}
NODE_0000940		B:R142K-Q197R	{}
NODE_0000941		B:R142K-Q197R	{}
A/Sapporo/71/2015	EPI706697	B:R142K-Q197R	{'nuc': ['G342A'], 'HA1': ['A93T']}
A/Santiago/3142/2016	EPI823721	B:R142K-Q197R	{'nuc': ['A818C']}
NODE_0000168		B:R142K-M168V-Q197R	{'nuc': ['A567G'], 'HA1': ['M168V']}
A/Bangladesh/3400/2015	EPI643999	B:R142K-M168V-Q197R	{}
NODE_0000943		B:R142K-M168V-Q197R	{}
A/Tunisia/559/2016	EPI715872	B:R142K-M168V-Q197R	{'nuc': ['G159A', 'A335G', 'A705G', 'G1142A'], 'HA1': ['D32N', 'I214V']}
NODE_0000944		B:R142K-M168V-Q197R	{}
A/Bangladesh/203006/2015	EPI701817	B:R142K-M168V-Q197R	{'nuc': ['C1064A', 'G1097A', 'C1187A']}
NODE_0000945		B:R142K-M168V-Q197R	{}
NODE_0000169		B:R142K-M168V-Q197R	{'nuc': ['C428A', 'T746A', 'A1631G'], 'HA1': ['N121K'], 'HA2': ['I193M']}
A/Phuket/421/2016	EPI925087	B:R142K-M168V-Q197R	{'nuc': ['T65G', 'A223G', 'C1654T'], 'HA1': ['D53G'], 'HA2': ['A201V']}
A/Oman/5191/2016	EPI832493	B:R142K-M168V-Q197R	{'nuc': ['C1172T']}
NODE_0000947		B:R142K-M168V-Q197R	{}
NODE_0000170		B:R142K-M168V-Q197R	{'nuc': ['G527A', 'G1073T', 'T1292A']}
A/South-Africa/VW0105/2016	EPI859059	B:R142K-M168V-Q197R	{'nuc': ['T200C', 'G249A', 'T494C', 'C1565T'], 'HA1': ['E62K']}
A/AthensGR/175/2016	EPI711160	B:R142K-M168V-Q197R	{}
NODE_0000949		B:R142K-M168V-Q197R	{}
A/Slovenia/960/2016	EPI773679	B:R142K-M168V-Q197R	{'nuc': ['A1256G']}
NODE_0000950		B:R142K-M168V-Q197R	{}
A/Montenegro/208/2016	EPI769535	B:R142K-M168V-Q197R	{'nuc': ['C582A', 'G738A'], 'HA1': ['Q173K', 'D225N']}
A/Slovenia/972/2016	EPI773681	B:R142K-M168V-Q197R	{}
NODE_0000171		B:R142K-Q197R	{'nuc': ['A1145G']}
NODE_0000175		B:R142K-Q197R	{'nuc': ['G995A']}
A/SouthAfrica/R2665/2015	EPI630781	B:R142K-Q197R	{'nuc': ['G56A', 'T1076C', 'C1565T', 'G1688A', 'G1699A'], 'HA2': ['R216K']}
NODE_0000176		B:R142K-Q197R	{'nuc': ['T1641C']}
A/Victoria/898/2015	EPI676379	B:R142K-Q197R	{'nuc': ['T10C', 'C1337T']}
A/Wellington/4/2015	EPI676128	B:R142K-Q197R	{}
NODE_0000951		B:R142K-Q197R	{}
A/Townsville/37/2015	EPI750900	B:R142K-Q197R	{'nuc': ['G399A', 'T1004C', 'A1280G', 'A1420C'], 'HA1': ['V112I'], 'HA2': ['K123T']}
A/Townsville/38/2015	EPI868979	B:R142K-Q197R	{}
NODE_0000952		B:R142K-Q197R	{}
A/Wisconsin/20/2015	EPI579796	B:R142K-Q197R	{'nuc': ['C544T'], 'HA1': ['T160I']}
NODE_0000953		B:R142K-Q197R	{}
NODE_0000172		B:R142K-Q197R	{'nuc': ['C1118T', 'C1241T']}
A/Yokohama/109/2016	EPI764999	B:R142K-Q197R	{'nuc': ['G782A', 'A968C', 'C1124T', 'C1611T']}
A/Nebraska/19/2015	EPI686143	B:R142K-Q197R	{'nuc': ['G298A', 'A340G', 'T740C', 'T1011C'], 'HA1': ['G78D', 'K92R']}
A/Sendai-H/N280/2015	EPI643110	B:R142K-Q197R	{}
NODE_0000173		B:R142K-Q197R	{'nuc': ['G222A'], 'HA1': ['D53N']}
A/Washington/37/2015	EPI624127	B:R142K-Q197R	{'nuc': ['C721A', 'G1179A', 'A1311G'], 'HA1': ['S219Y'], 'HA2': ['A43T', 'T87A']}
NODE_0000954		B:R142K-Q197R	{}
A/Norway/2590/2015	EPI651390	B:R142K-Q197R	{'nuc': ['T194C', 'C1187T', 'G1501A'], 'HA2': ['G150E']}
NODE_0000174		B:R142K-Q197R	{'nuc': ['A98G', 'T713C', 'G1406A']}
A/Kilifi/99/2015	EPI1604241	B:R142K-Q197R	{'nuc': ['C448A', 'T623C', 'C1380T', 'A1414G'], 'HA1': ['T128N'], 'HA2': ['K121R']}
NODE_0000956		B:R142K-Q197R	{}
A/Uganda/215/2017	EPI955822	B:R142K-Q197R	{'nuc': ['A215G', 'G488A', 'A1399G', 'A1436G'], 'HA2': ['N116S']}
A/Uganda/1610/2016	EPI787101	B:R142K-Q197R	{'nuc': ['T1049C']}
NODE_0000959		B	{}
NODE_0000147		B	{'nuc': ['G113A', 'C1005T']}
A/Netherlands/96/2015	EPI590349	B	{'nuc': ['C1493A']}
A/Greece/1/2014	EPI563073	B	{'nuc': ['A1157G']}
NODE_0000961		B	{}
NODE_0000155		B	{'nuc': ['T35C']}
NODE_0000963		B	{}
A/Tak/150/2015	EPI652272	B	{'nuc': ['A215G', 'T233C', 'G311A', 'C469A', 'G1719A', 'T1724C'], 'HA1': ['T135K']}
NODE_0000964		B	{}
A/Wisconsin/9/2015	EPI579314	B	{'nuc': ['C338T']}
NODE_0000965		B	{}
A/Netherlands/2393/2015	EPI868737	B	{'nuc': ['A491G']}
NODE_0000966		B	{}
A/Wisconsin/24/2015	EPI588776	B	{'nuc': ['T566C', 'G850A', 'T1211C'], 'HA1': ['S262N']}
A/Stavropol/8/2015	EPI687295	B	{'nuc': ['C254T', 'A427G', 'T578G', 'T623C', 'G1142A', 'C1166A', 'T1389G'], 'HA1': ['N121S', 'N171K'], 'HA2': ['S113A']}
NODE_0000967		B	{}
NODE_0000156		B	{'nuc': ['G1104A'], 'HA2': ['V18M']}
A/Finland/469/2014	EPI557068	B	{}
A/Yokohama/88/2015	EPI624500	B	{}
NODE_0000157		B	{'nuc': ['T497G'], 'HA1': ['S144R']}
A/Ukraine/6809/2015	EPI621815	B	{'nuc': ['T989C', 'T1211C']}
NODE_0000970		B	{}
A/Moscow/CRIE-145/2015	EPI638295	B	{'nuc': ['C161A', 'A225C', 'T1532C'], 'HA1': ['D32E', 'S54R']}
NODE_0000971		B	{}
A/YoshkarOla/CRIE-80/2015	EPI623846	B	{'nuc': ['A93T', 'T640C', 'A858G'], 'HA1': ['T10S', 'I192T', 'S265G']}
A/Yekaterinburg/239/2015	EPI637213	B	{'nuc': ['A1288G'], 'HA2': ['D79G']}
NODE_0000972		B	{}
NODE_0000145		B	{'nuc': ['C1526T']}
A/Wyoming/17/2014	EPI556147	B	{'nuc': ['A1056T', 'G1664A'], 'HA2': ['I2L']}
A/Wyoming/9/2014	EPI545630	B	{}
NODE_0000974		B	{}
NODE_0000975		B	{}
NODE_0000976		B	{}
NODE_0000977		B	{}
A/Vologda/CRIE-22/2015	EPI623797	B	{}
A/SouthAfrica/5390/2015	EPI684307	B	{'nuc': ['T58G', 'C62T', 'C221T', 'C707T', 'A968G'], 'SigPep': ['V14G']}
NODE_0000978		B	{}
NODE_0000979		B	{}
A/Switzerland/785/2015	EPI563370	B	{'nuc': ['G1700A']}
A/Wyoming/2/2015	EPI579726	B	{'nuc': ['G137A']}
NODE_0000980		B	{}
A/PaysdeLoire/664/2015	EPI576079	B	{'nuc': ['G191T', 'A584G']}
A/Yokohama/81/2015	EPI610543	B	{'nuc': ['T42C', 'C707A', 'G782A', 'G1104A'], 'HA2': ['V18M'], 'SigPep': ['Y9H']}
NODE_0000981		B	{}
A/Vietnam/171/2015	EPI706657	B	{'nuc': ['T51C', 'C359T', 'T643C', 'G1406A'], 'HA1': ['F193S'], 'SigPep': ['C12R']}
NODE_0000982		B	{}
A/Fiji/2/2015	EPI636656	B	{'nuc': ['A674G', 'A731G']}
NODE_0000983		B	{}
A/Yokohama/55/2015	EPI576112	B	{'nuc': ['T815C']}
NODE_0000158		B	{'nuc': ['C1187T']}
A/Wisconsin/69/2015	EPI631606	B	{}
NODE_0000159		B	{'nuc': ['T302C', 'C654A'], 'HA1': ['Q197K']}
NODE_0000986		B	{}
A/Yokohama/123/2016	EPI774040	B	{'nuc': ['T58G', 'C464T', 'G626A', 'C1064T', 'A1148G', 'A1151G'], 'SigPep': ['V14G']}
A/Parana/293/2016	EPI1040819	B	{'nuc': ['G249A', 'T484A', 'G563A', 'T1049G', 'G1602A'], 'HA1': ['E62K', 'I140K'], 'HA2': ['D184N']}
NODE_0000160		B	{'nuc': ['G847A'], 'HA1': ['R261Q']}
NODE_0000163		B	{'nuc': ['A24G', 'A80G', 'C102T', 'A248G', 'A893C', 'G974A', 'G1719A'], 'HA1': ['K276N'], 'SigPep': ['T3A']}
A/Valparaiso/33881/2016	EPI823731	B	{'nuc': ['G143A', 'C475T', 'A845G'], 'HA1': ['S137F', 'I260M']}
NODE_0000989		B	{}
A/Vina/50464/2016	EPI838927	B	{'nuc': ['G188A']}
A/Valparaiso/49572/2016	EPI823741	B	{}
NODE_0000990		B	{}
NODE_0000161		B	{'nuc': ['C16T']}
A/SouthAfrica/4363/2016	EPI827362	B	{'nuc': ['G163A', 'G298A', 'T345C'], 'HA1': ['R33Q', 'G78D', 'Y94H']}
NODE_0000162		B	{'nuc': ['C9T', 'C94T', 'A485G', 'G876A', 'G1104A', 'G1568T', 'G1688A'], 'HA1': ['T10M', 'I140M', 'D271N'], 'HA2': ['V18M', 'Q172H']}
A/Iceland/16980/2016	EPI887385	B	{}
A/Texas/183/2016	EPI841182	B	{'nuc': ['C582G', 'G1643A'], 'HA1': ['Q173E']}
NODE_0000993		B	{}
A/Colombia/7208/2015	EPI711059	B	{'nuc': ['A581G', 'G1142A', 'C1670T']}
NODE_0000994		B	{}
A/Peru/8316/2016	EPI861973	B	{'nuc': ['T74C', 'G191A', 'T680C', 'G1358A']}
A/Rome/12/2016	EPI773659	B	{}
NODE_0000177		B	{'nuc': ['C428A'], 'HA1': ['N121K']}
A/Scotland/98/2014	EPI1113111	B	{}
NODE_0000178		B.3	{'nuc': ['G496A', 'T497A', 'C1337T'], 'HA1': ['S144K']}
NODE_0000997		B.3	{}
A/Dakar/17/2016	EPI1001854	B.3	{}
A/Portugal/SU11/2016	EPI991687	B.3	{'nuc': ['C661T', 'T827G', 'A1414G'], 'HA1': ['S199L'], 'HA2': ['K121R']}
NODE_0000179		B.3	{'nuc': ['G557A', 'T1136C', 'A1151G']}
NODE_0000999		B.3	{}
A/Nonthaburi/414/2016	EPI925079	B.3	{'nuc': ['G222A', 'C469A', 'G1073A'], 'HA1': ['D53N', 'T135K']}
NODE_0001000		B.3	{}
NODE_0000180		B.3	{'nuc': ['A237G', 'C721A'], 'HA1': ['I58V', 'S219Y']}
A/Singapore/TT1374/2016	EPI874032	B.3	{'nuc': ['C261T', 'A1331G']}
NODE_0001002		B.3	{}
A/Maryland/23/2016	EPI868424	B.3	{'nuc': ['G137T']}
A/Lao/753/2017	EPI1016525	B.3	{'nuc': ['G391T', 'C1055T'], 'HA1': ['R109M']}
NODE_0001003		B.3	{}
NODE_0001004		B.3	{}
A/Moscow/165/2016	EPI918035	B.3	{}
A/Ghana/2717/2017	EPI1148193	B.3	{'nuc': ['T89C', 'G163A', 'T173C', 'A407G', 'A447G', 'G1700A'], 'HA1': ['R33Q', 'T128A']}
NODE_0000183		B.3	{'nuc': ['T500C']}
A/Venev/RII358S/2016	EPI886162	B.3	{'nuc': ['G627A'], 'HA1': ['D188N']}
NODE_0000184		B.3	{'nuc': ['T302C']}
A/Volgograd/RII745S/2016	EPI886435	B.3	{'nuc': ['G871A', 'G1406T'], 'HA1': ['R269K']}
NODE_0001008		B.3	{}
A/California/179/2016	EPI1039187	B.3	{}
NODE_0001007		B.3	{}
A/Visby/6/2017	EPI988359	B.3	{}
A/Moscow/46/2017	EPI1038780	B.3	{'nuc': ['G675A'], 'HA1': ['V204I']}
NODE_0000185		B.3	{'nuc': ['G632A']}
A/Tosno/RII718S/2016	EPI886388	B.3	{}
NODE_0001009		B.3	{}
A/Vaparaiso/39896/2017	EPI1023704	B.3	{'nuc': ['G79A', 'C284T', 'A776G', 'A950G', 'A1553G'], 'HA1': ['G5E']}
NODE_0001010		B.3	{}
NODE_0000186		B.3	{'nuc': ['C1559T']}
A/Maldives/499/2017	EPI993914	B.3	{}
A/Maldives/158/2017	EPI993898	B.3	{}
NODE_0000187		B.3	{'nuc': ['G596A']}
A/Wellington/5/2017	EPI1045582	B.3	{}
NODE_0001017		B.3	{}
A/Ohio/31/2017	EPI1049703	B.3	{}
A/NewZealand/671/2017	EPI1048232	B.3	{}
NODE_0001013		B.3	{}
NODE_0000181		B.3	{'nuc': ['A429G', 'G850A', 'T1004C'], 'HA1': ['N122D', 'S262N']}
A/Estonia/103987/2016	EPI894032	B.3	{'nuc': ['C261A', 'G783A'], 'HA1': ['L66I', 'G240R']}
NODE_0001020		B.3	{}
A/UlanUde/1/2016	EPI918486	B.3	{'nuc': ['A779G', 'A988T'], 'HA1': ['Y308F']}
A/Tunis/14115/2016	EPI913817	B.3	{'nuc': ['G297A', 'C641T'], 'HA1': ['G78S']}
NODE_0001015		B.3	{}
A/Kazakhstan/6975/2017	EPI1027046	B.3	{'nuc': ['A263G', 'T324C', 'A1274G'], 'HA1': ['F87L']}
NODE_0001016		B.3	{}
NODE_0000182		B.3	{'nuc': ['A491G', 'C901A', 'C1001T'], 'HA1': ['S279Y']}
A/Tanzania/4357/2017	EPI1016709	B.3	{'nuc': ['C66A', 'A1271G', 'A1512G'], 'HA1': ['Q1K'], 'HA2': ['N154D']}
A/Tanzania/4390/2017	EPI1016765	B.3	{'nuc': ['C353T']}
NODE_0001018		B.3	{}
A/Kosovo/915/2016	EPI1015765	B.3	{'nuc': ['A1016T']}
NODE_0001019		B.3	{}
A/Antananarivo/1998/2017	EPI1039016	B.3	{'nuc': ['A944G', 'T1244C']}
A/Bulgaria/545/2017	EPI1001850	B.3	{'nuc': ['C716A', 'G1562A']}
NODE_0000188		B.3	{'nuc': ['G847A'], 'HA1': ['R261Q']}
A/Cameroon/4372/2018	EPI1315656	B.3	{'nuc': ['A335G', 'A545G', 'C803T', 'C932T', 'A1034G', 'A1052G', 'C1064A', 'A1234G', 'C1610T'], 'HA2': ['E61G']}
NODE_0000189		B.3	{'nuc': ['G1421A']}
NODE_0001022		B.3	{}
A/Togo/1048/2017	EPI1163399	B.3	{'nuc': ['G57A', 'C254T', 'T296C', 'G1574A', 'G1661A'], 'SigPep': ['V14I']}
NODE_0000190		B.3	{'nuc': ['T28C', 'A43G', 'G191A', 'A447G', 'A489G', 'G596A', 'G1073T', 'T1121C', 'A1133G', 'T1190C', 'T1244C'], 'HA1': ['T128A', 'R142G'], 'SigPep': ['I4T', 'Y9C']}
A/Yokohama/112/2018	EPI1335535	B.3	{'nuc': ['T643C', 'C977A'], 'HA1': ['F193S']}
NODE_0000191		B.3	{'nuc': ['A153G', 'C383A', 'C469A', 'C1064T', 'T1379C'], 'HA1': ['T30A', 'T135K']}
A/Portugal/97/2018	EPI1380144	B.3	{'nuc': ['T227C', 'G1574A']}
A/Mali/235/2018	EPI1439784	B.3	{'nuc': ['C560T']}
NODE_0000192		B.3	{'nuc': ['C469A', 'G514A', 'C1478T'], 'HA1': ['T135K', 'R150K']}
NODE_0000193		B.3	{'nuc': ['C1172T']}
A/Yunnan-Mengzi/1724/2017	EPI1106250	B.3	{'nuc': ['T179C', 'G995A']}
A/Zhejiang-Shangcheng/1153/2018	EPI1340900	B.3	{'nuc': ['T851C', 'G1340A']}
NODE_0000194		B.3	{'nuc': ['A128G']}
A/HongKong/4994/2017	EPI1239818	B.3	{'nuc': ['A71G', 'C455T', 'T680C', 'C1355T', 'A1517G']}
NODE_0001028		B.3	{}
A/Townsville/16/2017	EPI1242820	B.3	{'nuc': ['T494C', 'A1034G']}
NODE_0001029		B.3	{}
A/Choibalsan/3093/2017	EPI1174051	B.3	{'nuc': ['A150G', 'G436A', 'C1055T'], 'HA1': ['I29V', 'S124N']}
NODE_0000195		B.3	{'nuc': ['A489G', 'T1076G', 'C1196T'], 'HA1': ['R142G']}
A/NordrheinWestfalen/134/2017	EPI1154846	B.3	{}
NODE_0000196		B.3	{'nuc': ['T35C', 'A677G']}
A/Congo/735/2018	EPI1385879	B.3	{'nuc': ['C560T', 'C792T'], 'HA1': ['L243F']}
A/Congo/422/2018	EPI1269126	B.3	{'nuc': ['G226A', 'G1595A'], 'HA1': ['S54N']}
A/Congo/319/2018	EPI1277585	B.3	{'nuc': ['G1104A', 'T1720A'], 'HA2': ['V18M']}
NODE_0000197		B	{'nuc': ['A1214G']}
NODE_0001033		B	{}
A/Temuco/66832/2015	EPI679042	B	{'nuc': ['A209G', 'A452G', 'C1001T', 'T1076C'], 'HA1': ['I48M']}
A/NewJersey/26/2014	EPI552913	B	{'nuc': ['T35C', 'T74A', 'G222A'], 'HA1': ['D53N']}
NODE_0000198		B	{'nuc': ['C189T']}
NODE_0000206		B	{'nuc': ['C1334T', 'A1577G']}
NODE_0000207		B	{'nuc': ['G1719A', 'T1724C']}
A/Wellington/1/2015	EPI652302	B	{'nuc': ['C938T', 'T1716-', 'G1717-']}
NODE_0001039		B	{}
A/Victoria/922/2015	EPI652089	B	{'nuc': ['C617T', 'A677G', 'C947T']}
A/Sweden/20/2015	EPI585339	B	{'nuc': ['A583T'], 'HA1': ['Q173L']}
NODE_0000209		B	{'nuc': ['G847T', 'G1097A'], 'HA1': ['R261L']}
A/Sydney/530/2014	EPI636236	B	{'nuc': ['A665G']}
NODE_0001045		B	{}
A/Wyoming/20/2014	EPI564441	B	{}
NODE_0001041		B	{}
A/Wisconsin/66/2015	EPI624328	B	{'nuc': ['C544A', 'C1325T'], 'HA1': ['T160K']}
A/RioGrandeDoNorte/134696-IEC/2015	EPI667841	B	{}
NODE_0000214		B	{'nuc': ['G1721A']}
NODE_0000215		B	{'nuc': ['A1502C', 'C1556T']}
A/Alaska/140/2015	EPI643627	B	{'nuc': ['T212A']}
A/Norway/2588/2015	EPI651388	B	{'nuc': ['C25A', 'C92T', 'C383T', 'A489G', 'A845T'], 'HA1': ['R142G'], 'SigPep': ['T3N']}
NODE_0000216		B	{'nuc': ['A1319C']}
NODE_0000218		B	{'nuc': ['T73C', 'T611C', 'A1592G'], 'HA1': ['I3T']}
A/Oman/5691/2015	EPI731247	B	{'nuc': ['C102T', 'G854A', 'A944G', 'T998C']}
NODE_0001046		B	{}
A/Bangladesh/914007/2015	EPI746792	B	{'nuc': ['A843G'], 'HA1': ['I260V']}
A/Bangladesh/9015/2015	EPI670942	B	{'nuc': ['C202T'], 'HA1': ['S46F']}
NODE_0001047		B	{}
A/SaudiArabia/78764/2015	EPI678170	B	{'nuc': ['G1361A', 'C1493T']}
NODE_0001048		B	{}
NODE_0000217		B	{'nuc': ['A489G', 'T1520C'], 'HA1': ['R142G']}
A/SouthAfrica/6131/2015	EPI684299	B	{'nuc': ['T32C', 'C617T', 'C1064T']}
A/Oman/5287/2015	EPI731239	B	{}
NODE_0001050		B	{}
A/England/54380710/2015	EPI679229	B	{'nuc': ['T302C']}
NODE_0001051		B	{}
A/Tunisia/12370/2015	EPI769549	B	{'nuc': ['A146G', 'T794C', 'A1185G'], 'HA2': ['I45V']}
A/Hessen/49/2015	EPI693062	B	{'nuc': ['T227C', 'T233C', 'A426G'], 'HA1': ['N121D']}
NODE_0001052		B	{}
A/Vietnam/GS150287/2015	EPI715691	B	{'nuc': ['A138G', 'A416G', 'A485G', 'C743T', 'A779C', 'A1022G'], 'HA1': ['I25V', 'I140M', 'K238N']}
NODE_0001053		B	{}
NODE_0000208		B	{'nuc': ['A6T', 'G1340A', 'G1433A', 'A1553G']}
A/Belgium/2015G0760/2015	EPI693001	B	{'nuc': ['T308C', 'T473C']}
NODE_0001055		B	{}
A/Wyoming/19/2015	EPI677550	B	{'nuc': ['A69G', 'T323C', 'T713C'], 'HA1': ['K2E']}
NODE_0001056		B	{}
A/Washington/77/2015	EPI715739	B	{'nuc': ['G490A', 'A1331T'], 'HA1': ['R142K']}
A/Victoria/455/2015	EPI704175	B	{'nuc': ['C539A', 'A770G', 'A1169G'], 'HA1': ['N158K']}
NODE_0001057		B	{}
NODE_0001058		B	{}
A/PassoFundo/LACENRS-1854/2015	EPI997787	B	{'nuc': ['C1187T', 'T1715C']}
NODE_0001059		B	{}
A/Sydney/9/2016	EPI765134	B	{'nuc': ['G137A', 'A248T', 'T479C', 'A536G', 'C1289T', 'G1699A'], 'HA2': ['R216K']}
A/SaoPaulo/3-32002/2015	EPI621006	B	{'nuc': ['A1043G']}
NODE_0000210		B	{'nuc': ['G1295A']}
A/Vietnam/GS150761/2015	EPI731117	B	{'nuc': ['G1040A']}
NODE_0000211		B	{'nuc': ['C428G', 'A1391G'], 'HA1': ['N121K']}
A/Vietnam/GS151050/2015	EPI715707	B	{}
NODE_0000212		B	{'nuc': ['A489G', 'G850A'], 'HA1': ['R142G', 'S262N']}
A/Vietnam/6058/2016	EPI976467	B	{'nuc': ['A1705G'], 'HA2': ['N218S']}
NODE_0000213		B	{'nuc': ['A80G']}
A/Tokyo/16335/2016	EPI867812	B	{'nuc': ['G137A', 'A138G', 'T308C', 'T827C', 'T1322C', 'C1364T'], 'HA1': ['I25V']}
A/Vietnam/6038/2016	EPI976490	B	{'nuc': ['A1226G', 'T1346C']}
NODE_0001072		B	{}
NODE_0000199		B	{'nuc': ['G1688A']}
A/HongKong/7127/2014-egg	EPI743790	B	{'nuc': ['C544A', 'T646C', 'A739G'], 'HA1': ['T160K', 'L194P', 'D225G']}
NODE_0001036		B	{}
A/Victoria/6006/2015	EPI2474295	B	{'nuc': ['C1005T', 'C1565T', 'G1568A']}
A/HongKong/7127/2014	EPI718980	B	{}
NODE_0001064		B	{}
NODE_0000200		B:S114T	{'nuc': ['T405A', 'T1709C'], 'HA1': ['S114T']}
A/Taiwan/596/2015	EPI630445	B:S114T	{'nuc': ['A281G', 'A314G', 'A339C', 'C1220A'], 'HA1': ['K92Q']}
NODE_0001066		B:S114T	{}
NODE_0000204		B:S114T	{'nuc': ['G222A'], 'HA1': ['D53N']}
A/Guangdong/724/2015	EPI1034408	B:S114T	{'nuc': ['G95T', 'A134G', 'G197A', 'C544G', 'A731G', 'T1292C', 'G1516A', 'G1688A'], 'HA1': ['T160R'], 'HA2': ['G155E']}
NODE_0000205		B:S114T	{'nuc': ['G137A', 'A340G'], 'HA1': ['K92R']}
A/Montana/28/2015	EPI685587	B:S114T	{}
A/Alaska/240/2015	EPI677218	B:S114T	{}
NODE_0001069		B:S114T	{}
NODE_0001070		B:S114T	{}
A/Toyama/107/2015	EPI630465	B:S114T	{'nuc': ['A27G', 'C257T', 'C926T', 'C1337T', 'T1638C', 'G1648C'], 'HA2': ['F196L', 'C199S'], 'SigPep': ['I4V']}
NODE_0001071		B:S114T	{}
A/Taiwan/805/2015	EPI630457	B:S114T	{'nuc': ['T722C', 'C896T', 'C1428T']}
NODE_0000201		B:S114T	{'nuc': ['C743T', 'G1421A']}
A/Valparaiso/42142/2015	EPI639260	B:S114T	{'nuc': ['A695G']}
A/Valparaiso/50323/2015	EPI678758	B:S114T	{'nuc': ['A145G'], 'HA1': ['K27R']}
NODE_0001073		B:S114T	{}
NODE_0000202		B:S114T	{'nuc': ['G1568A']}
A/Guangdong/616/2015	EPI1034406	B:S114T	{'nuc': ['C544A', 'T1292C'], 'HA1': ['T160K']}
NODE_0000203		B:S114T	{'nuc': ['C413A']}
A/Vietnam/95/2015	EPI731109	B:S114T	{}
A/Vietnam/106/2015	EPI730218	B:S114T	{}
NODE_0001076		B:S114T	{}
A/Tokyo/15347/2015	EPI699886	B:S114T	{'nuc': ['T227C']}
NODE_0001077		B:S114T	{}
A/Wakayama-C/105/2015	EPI670321	B:S114T	{'nuc': ['A771G', 'G854A'], 'HA1': ['I236V']}
A/Washington/45/2015	EPI685987	B:S114T	{}
NODE_0000219		B	{'nuc': ['C548T', 'G1700A']}
NODE_0000220		B	{'nuc': ['T722C']}
NODE_0000221		B	{'nuc': ['C437A', 'A467G', 'G1541A'], 'HA1': ['S124R']}
A/Bangladesh/5008/2015	EPI746816	B	{'nuc': ['A14G', 'G104A', 'C641T', 'T657C', 'G962A'], 'HA1': ['S198P']}
A/Xinjiang-Tianshan/1287/2016	EPI885873	B	{'nuc': ['T74C', 'G163A', 'G226A', 'T308C', 'C396T', 'C506T', 'G797A', 'A1256G', 'C1493A'], 'HA1': ['R33Q', 'S54N']}
NODE_0001087		B	{}
NODE_0000222		B	{'nuc': ['T61C', 'T623A'], 'SigPep': ['F15S']}
A/England/53340242/2015	EPI679143	B	{'nuc': ['A554T', 'G1340A']}
NODE_0001089		B	{}
NODE_0001090		B	{}
A/Ukraine/7030/2016	EPI781638	B	{'nuc': ['A685G'], 'HA1': ['K207R']}
NODE_0001091		B	{}
A/Victoria/7/2016	EPI831627	B	{'nuc': ['G236A', 'A1259G', 'G1574A']}
NODE_0001092		B	{}
A/Santiago/24151/2016	EPI823729	B	{'nuc': ['A281G', 'A845G'], 'HA1': ['I260M']}
A/Tsaralalana/2054/2016	EPI824102	B	{'nuc': ['T26C', 'C29T', 'T46C', 'G1097A', 'G1562A'], 'SigPep': ['I10T']}
NODE_0001093		B	{}
A/Odessa/700/2016	EPI773641	B	{'nuc': ['C544A', 'A1367G'], 'HA1': ['T160K']}
NODE_0001094		B	{}
A/SriLanka/63/2015	EPI868934	B	{'nuc': ['C722A', 'T1130C']}
NODE_0001095		B	{}
A/Iceland/6202/2016	EPI773960	B	{'nuc': ['T998C', 'T1641A'], 'HA2': ['L197M']}
NODE_0001096		B	{}
A/Kenya/23/2016	EPI986924	B	{'nuc': ['G113A', 'T233C', 'A485G', 'G1445A'], 'HA1': ['I140M']}
NODE_0001097		B	{}
A/Tajikistan/15/2016	EPI829369	B	{'nuc': ['T611C', 'T1004C']}
NODE_0000223		B	{'nuc': ['A1082C']}
A/Dnipro/767/2016	EPI775593	B	{'nuc': ['A1553G']}
A/Dnipro/764/2016	EPI773605	B	{}
NODE_0001099		B	{}
A/Vietnam/172/2015	EPI712511	B	{'nuc': ['T8C', 'G91A', 'G297A', 'C428A', 'A572C'], 'HA1': ['S9N', 'G78S', 'N121K']}
NODE_0000224		B	{'nuc': ['C457A'], 'HA1': ['T131N']}
A/Seoul/1595/2015	EPI715628	B	{}
NODE_0000225		B	{'nuc': ['T458A', 'C482T', 'G490A', 'A1502T'], 'HA1': ['N131K', 'R142K']}
A/Tianjin-Baodi/1165/2017	EPI1030270	B	{'nuc': ['G812A', 'A1022G', 'G1421A']}
NODE_0000226		B.2	{'nuc': ['G847A'], 'HA1': ['R261Q']}
A/Denmark/52/2016	EPI967197	B.2	{'nuc': ['C386A', 'G563A']}
NODE_0000232		B.2	{'nuc': ['C539T']}
A/Kawasaki/109/2016	EPI854236	B.2	{'nuc': ['G1235A', 'C1289T']}
NODE_0001104		B.2	{}
A/Shandong-Zhifu/164/2017	EPI1067698	B.2	{'nuc': ['A538C', 'G621A'], 'HA1': ['N158T', 'G186S']}
NODE_0001105		B.2	{}
A/Washington/16/2017	EPI1047574	B.2	{'nuc': ['G197A']}
NODE_0000233		B.2	{'nuc': ['T204A', 'T566C', 'A695G', 'C721T', 'A1511G'], 'HA1': ['S47T', 'S219F']}
A/SakonNakhon/282/2017	EPI1058531	B.2	{}
NODE_0000234		B.2	{'nuc': ['C533T']}
A/Trang/51/2017	EPI1058585	B.2	{}
A/Trang/87/2017	EPI1058593	B.2	{}
NODE_0001108		B.2	{}
NODE_0001109		B.2	{}
A/HongKong/2302/2016	EPI836499	B.2	{}
NODE_0000227		B.2	{'nuc': ['G975A'], 'HA1': ['A304T']}
A/HongKong/247/2017	EPI918300	B.2	{'nuc': ['G63A', 'T1190C'], 'SigPep': ['A16T']}
A/Bucharest/8290/2016	EPI1001840	B.2	{}
NODE_0000229		B.2	{'nuc': ['A572T']}
NODE_0000230		B.2	{'nuc': ['G137A']}
A/Brisbane/321/2016	EPI919282	B.2	{}
A/Brisbane/318/2016	EPI919300	B.2	{}
NODE_0000231		B.2	{'nuc': ['C544A', 'T646C', 'C673T'], 'HA1': ['T160K', 'L194P', 'T203I']}
A/Wisconsin/19/2017-egg	EPI1035705	B.2	{'nuc': ['T572A', 'A1052G', 'G1142A']}
A/Norway/4465/2016-egg	EPI1048798	B.2	{}
NODE_0001114		B.2	{}
NODE_0000228		B.2	{'nuc': ['A731G']}
A/Zhejiang-Jiaojiang/1255/2017	EPI1062958	B.2	{'nuc': ['C1289A'], 'HA2': ['D79E']}
NODE_0001116		B.2	{}
A/Victoria/1/2017	EPI1022241	B.2	{'nuc': ['A1058C', 'A1253G', 'G1650A'], 'HA2': ['V200I']}
A/Shimane/112/2017	EPI1314752	B.2	{'nuc': ['T36C', 'C203A', 'C320T', 'G374A', 'C413T', 'A752G', 'T1130C', 'A1511G', 'G1586A', 'C1622A']}
NODE_0001117		B.2	{}
NODE_0001118		B.2	{}
NODE_0001119		B.2	{}
A/NorthCarolina/4/2017	EPI925625	B.2	{}
A/Yokohama/131/2017	EPI1010361	B.2	{'nuc': ['T643C', 'A759T'], 'HA1': ['F193S', 'I232F']}
NODE_0001120		B.2	{}
A/Yunnan-Xianggelila/1375/2017	EPI1062928	B.2	{'nuc': ['C107T']}
A/Yunnan-Xianggelila/1708/2017	EPI1339432	B.2	{'nuc': ['C448A', 'C544G'], 'HA1': ['T128N', 'T160R']}
NODE_0000235		B.2	{'nuc': ['A1052G']}
A/Nebraska/2/2017	EPI911584	B.2	{'nuc': ['A1100G']}
NODE_0001122		B.2	{}
A/Zambia/305/2017	EPI1154886	B.2	{'nuc': ['G496A', 'T1076C', 'A1588G', 'G1688A'], 'HA1': ['S144N'], 'HA2': ['K179R']}
NODE_0000236		B.2	{'nuc': ['G1142A', 'C1706T']}
NODE_0001124		B.2	{}
NODE_0001125		B.2	{}
A/BosniaHerzegovina/69/2018	EPI1357839	B.2	{'nuc': ['A430C', 'G608A', 'T1282A', 'C1404T'], 'HA1': ['N122T'], 'HA2': ['I77N']}
A/Peru/3817/2017	EPI1174591	B.2	{}
NODE_0000237		B.2	{'nuc': ['T497A', 'A515G', 'A785T'], 'HA1': ['S144R']}
A/Dnipro/416/2018	EPI1256548	B.2	{'nuc': ['G422A', 'A1082T']}
NODE_0001127		B.2	{}
A/Estonia/113626/2018	EPI1262037	B.2	{'nuc': ['T83C', 'A340C'], 'HA1': ['K92T']}
NODE_0001128		B.2	{}
A/Tyumen/RII-2/2018	EPI1311827	B.2	{'nuc': ['C896T', 'G975A'], 'HA1': ['A304T']}
NODE_0001129		B.2	{}
A/HongKong/675/2018	EPI1314736	B.2	{}
A/Moscow/149/2018	EPI1282870	B.2	{}
NODE_0000238		B.2	{'nuc': ['C333A', 'T365C']}
A/Brazil/8164/2017	EPI1198387	B.2	{'nuc': ['C721T', 'T824C'], 'HA1': ['S219F']}
A/Uruguay/170/2017	EPI1035649	B.2	{}
NODE_0000242		B.2	{'nuc': ['C126T', 'A340G', 'A842G'], 'HA1': ['P21S', 'K92R']}
NODE_0000243		B.2	{'nuc': ['C721T'], 'HA1': ['S219F']}
A/Bretagne/1565/2017-egg	EPI1318861	B.2	{'nuc': ['C544A', 'T646C', 'C673T', 'G1719A'], 'HA1': ['T160K', 'L194P', 'T203I']}
A/Bretagne/1413/2017	EPI1087624	B.2	{'nuc': ['C530T', 'C1323A'], 'HA2': ['L91I']}
NODE_0001133		B.2	{}
A/Netherlands/3521/2017	EPI1143313	B.2	{'nuc': ['G95A']}
NODE_0001134		B.2	{}
A/VinaDelMar/60406/2018	EPI1274012	B.2	{'nuc': ['T308C', 'T389C', 'G436A', 'G830A', 'C976T', 'T1448C'], 'HA1': ['S124N', 'A304V']}
A/Townsville/1000/2018	EPI1255064	B.2	{'nuc': ['A1731G', 'C1737A']}
NODE_0001135		B.2	{}
NODE_0000241		B.2	{'nuc': ['T26C', 'A352G', 'G626A', 'T1313A', 'T1484C'], 'HA1': ['N96S']}
A/Switzerland/8060/2017	EPI1326015	B.2	{}
A/Switzerland/8060/2017-egg	EPI1318863	B.2	{'nuc': ['C544A', 'T646C'], 'HA1': ['T160K', 'L194P']}
NODE_0001137		B.2	{}
A/Swansea/5352/2017	EPI1193205	B.2	{}
NODE_0001138		B.2	{}
A/NewZealand/783/2017	EPI1048275	B.2	{}
NODE_0001139		B.2	{}
A/Suriname/2354/2017	EPI1142558	B.2	{'nuc': ['T185C', 'G392A', 'G419T', 'G496A'], 'HA1': ['S144N']}
NODE_0001140		B.2	{}
A/MinasGerais/39/2018	EPI1225128	B.2	{'nuc': ['T83C', 'G137A', 'A1592G']}
NODE_0001141		B.2	{}
A/PuertoRico/21/2018	EPI1273750	B.2	{'nuc': ['A398G', 'T484C', 'T657C', 'G1007A', 'A1274G', 'G1451A', 'A1631G'], 'HA1': ['I140T', 'S198P'], 'HA2': ['M133I', 'I193M']}
NODE_0000240		B.2	{'nuc': ['A45G', 'A470C', 'C1118T'], 'SigPep': ['I10V']}
A/Sydney/93/2018	EPI1281547	B.2	{'nuc': ['T362C', 'G399A'], 'HA1': ['V112I']}
A/Brisbane/117/2018	EPI1281499	B.2	{}
NODE_0000244		B.2	{'nuc': ['G1214A']}
A/PuntaArena/55840/2017	EPI1081406	B.2	{'nuc': ['C25T'], 'SigPep': ['T3I']}
NODE_0001144		B.2	{}
NODE_0000246		B.2	{'nuc': ['G222A'], 'HA1': ['D53N']}
A/Arizona/37/2018	EPI1256660	B.2	{'nuc': ['G63A', 'A281G', 'T660C', 'A917T'], 'HA1': ['S199P'], 'SigPep': ['A16T']}
A/Paraguay/9159/2018	EPI1277226	B.2	{'nuc': ['G197A', 'C965T']}
NODE_0001146		B.2	{}
A/NewMexico/14/2018	EPI1205544	B.2	{'nuc': ['G188A', 'C544A', 'T643C', 'A1436G'], 'HA1': ['T160K', 'F193S']}
NODE_0001147		B.2	{}
NODE_0001148		B.2	{}
A/Nnewfoundland/RV1805/2018	EPI1248795	B.2	{'nuc': ['C1289T', 'C1584T']}
A/Ross-on-Wye/7865/2018	EPI1251691	B.2	{'nuc': ['C410T']}
NODE_0001149		B.2	{}
NODE_0000245		B.2	{'nuc': ['G374A']}
A/Wisconsin/335/2017	EPI1107115	B.2	{}
A/Austria/1031638/2018	EPI1255965	B.2	{'nuc': ['G1052A']}
NODE_0000247		B.2:A212T	{'nuc': ['G699A', 'A725G'], 'HA1': ['A212T']}
NODE_0001159		B.2:A212T	{}
NODE_0000253		B.2:A212T	{'nuc': ['A1468G'], 'HA2': ['K139R']}
A/SuratThani/83/2018	EPI1320826	B.2:A212T	{'nuc': ['G236T', 'A704G', 'G1205A', 'C1289T'], 'HA1': ['Q57H']}
NODE_0001153		B.2:A212T	{}
A/Yokohama/68/2018	EPI1260377	B.2:A212T	{}
A/Yokohama/85/2018	EPI1265733	B.2:A212T	{'nuc': ['C932T']}
NODE_0001154		B.2:A212T	{}
NODE_0000251		B.2:A212T	{'nuc': ['C544T'], 'HA1': ['T160I']}
A/Brisbane/36/2018	EPI1251134	B.2:A212T	{'nuc': ['T74C', 'C396T']}
A/Brisbane/1/2018	EPI1179488	B.2:A212T	{}
NODE_0000249		B.2:A212T	{'nuc': ['C544A'], 'HA1': ['T160K']}
A/Taiwan/80650/2018	EPI1314775	B.2:A212T	{'nuc': ['T1175C', 'T1460C', 'T1463C', 'C1475T', 'A1517G', 'G1574A']}
A/Brisbane/1/2018-egg	EPI1318103	B.2:A212T	{'nuc': ['T646C'], 'HA1': ['L194P']}
NODE_0001157		B.2:A212T	{}
NODE_0001158		B.2:A212T	{}
A/Virginia/24/2018	EPI1224623	B.2:A212T	{}
NODE_0000248		B.2:A212T	{'nuc': ['G1104A'], 'HA2': ['V18M']}
A/Yokohama/80/2018	EPI1265685	B.2:A212T	{'nuc': ['A336G', 'T980C', 'G1688A'], 'HA1': ['S91G']}
A/Taiwan/81136/2018	EPI1381833	B.2:A212T	{'nuc': ['C161T', 'T269C', 'C284T', 'G342A', 'C386T', 'T1049C', 'T1352C', 'C1356T', 'A1480G'], 'HA1': ['A93T'], 'HA2': ['K143R']}
NODE_0001160		B.2:A212T	{}
NODE_0000254		B.2:A212T	{'nuc': ['G163A', 'C743T', 'C938A', 'A1184G', 'T1304C', 'A1382G'], 'HA1': ['R33Q', 'D291E']}
A/Bahrain/449/2018	EPI1311646	B.2:A212T	{'nuc': ['A489G', 'A515G', 'A628G'], 'HA1': ['K142E', 'D188G']}
NODE_0001162		B.2:A212T	{}
A/Rancagua/54068/2018	EPI1273964	B.2:A212T	{'nuc': ['G56T', 'A1133G', 'A1274G']}
NODE_0001163		B.2:A212T	{}
A/Peru/769818/2018	EPI1408819	B.2:A212T	{'nuc': ['A15G', 'G63A', 'G1104A', 'G1340A'], 'HA2': ['V18M'], 'SigPep': ['A16T']}
NODE_0000255		B.2:A212T	{'nuc': ['A1193G']}
A/Valdiva/100553/2018	EPI1369343	B.2:A212T	{'nuc': ['T578A', 'C716A', 'T800C', 'G1595A'], 'HA1': ['N171K']}
A/Conception/32368/2018	EPI1256485	B.2:A212T	{}
NODE_0001165		B.2:A212T	{}
NODE_0000256		B.2:A212T	{'nuc': ['G249A'], 'HA1': ['E62K']}
A/Loei/1152/2018	EPI1317894	B.2:A212T	{'nuc': ['T764C', 'G1052A', 'T1136C', 'C1264T'], 'HA2': ['S71L']}
A/Wakayama/62/2018	EPI1253004	B.2:A212T	{'nuc': ['T1637C']}
NODE_0001175		B.2:A212T	{}
A/AltoHospicio/37840/2018	EPI1279093	B.2:A212T	{'nuc': ['C549T'], 'HA1': ['P162S']}
NODE_0001167		B.2:A212T	{}
A/Yokohama/100/2018	EPI1326890	B.2:A212T	{'nuc': ['G222A', 'T302C'], 'HA1': ['D53N']}
NODE_0001168		B.2:A212T	{}
A/Townsville/10/2018	EPI1269288	B.2:A212T	{}
NODE_0000257		B.2:A212T	{'nuc': ['A235T', 'A335G', 'C506T', 'A893G', 'A917G'], 'HA1': ['Q57L']}
A/Sakha/2V/2018	EPI1332316	B.2:A212T	{}
A/Yasothon/21/2019	EPI1373442	B.2:A212T	{'nuc': ['A426G', 'A457C'], 'HA1': ['N121D', 'K131T']}
NODE_0001170		B.2:A212T	{}
A/Miyazaki/72/2018	EPI1312187	B.2:A212T	{'nuc': ['G52A', 'G188A', 'A376G', 'A536G', 'C1310T'], 'HA1': ['D104G'], 'SigPep': ['C12Y']}
NODE_0001171		B.2:A212T	{}
A/Wisconsin/4/2018	EPI1163537	B.2:A212T	{}
NODE_0001172		B.2:A212T	{}
A/Philippines/464/2018	EPI1266189	B.2:A212T	{'nuc': ['C54T', 'A1727G']}
NODE_0001173		B.2:A212T	{}
A/HongKong/656/2018	EPI1243195	B.2:A212T	{'nuc': ['A963G'], 'HA1': ['I300V']}
NODE_0001174		B.2:A212T	{}
NODE_0000252		B.2:A212T	{'nuc': ['A668G', 'C806T']}
A/Victoria/909/2018	EPI1328696	B.2:A212T	{'nuc': ['T713C', 'A1331G']}
NODE_0001176		B.2:A212T	{}
A/Victoria/901/2018	EPI1315810	B.2:A212T	{'nuc': ['T1049C']}
A/Victoria/731/2018	EPI1322561	B.2:A212T	{'nuc': ['A690C'], 'HA1': ['S209R']}
NODE_0001177		B.2:A212T	{}
A/Tochigi/18136/2018	EPI1312181	B.2:A212T	{}
NODE_0001178		B.2:A212T	{}
NODE_0000250		B.2:A212T	{'nuc': ['A69G', 'C803T'], 'HA1': ['K2E']}
A/Taiwan/81101/2018	EPI1482895	B.2:A212T	{'nuc': ['C761A', 'A818G', 'C1654T'], 'HA2': ['A201V']}
A/Taiwan/80749/2018	EPI1279013	B.2:A212T	{}
NODE_0001180		B.2:A212T	{}
A/Hessen/44/2018	EPI1345978	B.2:A212T	{'nuc': ['G422A', 'A515G', 'G620A', 'G675A', 'G1052A'], 'HA1': ['V204I']}
NODE_0001181		B.2:A212T	{}
A/St-Etienne/1913/2018	EPI1384893	B.2:A212T	{'nuc': ['T227C']}
A/Yokohama/111/2018	EPI1335531	B.2:A212T	{'nuc': ['A339C', 'T800C', 'T1450C'], 'HA1': ['K92Q'], 'HA2': ['M133T']}
NODE_0001191		B	{}
NODE_0001079		B	{}
A/Vietnam/157/2015	EPI730273	B	{'nuc': ['T1379C']}
NODE_0001080		B	{}
A/Kazakhstan/53/2015	EPI695666	B	{'nuc': ['C338T', 'A600G', 'A956G', 'C1118T'], 'HA1': ['I179V']}
NODE_0001081		B	{}
A/Yunnan-Wenshan/1893/2015	EPI702088	B	{'nuc': ['A138G', 'T458C', 'T525C', 'T713C', 'G847A'], 'HA1': ['I25V', 'R261Q']}
NODE_0001082		B	{}
A/Singapore/TT1319/2015	EPI2053194	B	{'nuc': ['A489G', 'G1104A', 'G1214A', 'A1553G'], 'HA1': ['R142G'], 'HA2': ['V18M']}
NODE_0001083		B	{'nuc': ['C1722A']}
A/Austria/907287/2016	EPI733255	B	{}
NODE_0001084		B	{}
A/Yunnan-Linxiang/1718/2016	EPI817115	B	{}
A/NewYork/78/2016	EPI775752	B	{'nuc': ['G63A', 'A567G', 'T740C'], 'HA1': ['M168V'], 'SigPep': ['A16T']}
NODE_0000258		B	{'nuc': ['G1516A'], 'HA2': ['G155E']}
A/Yamaguchi/28/2015	EPI699890	B	{'nuc': ['G490A', 'G496T', 'T1649C', 'G1650A'], 'HA1': ['R142K', 'S144I'], 'HA2': ['V200I']}
NODE_0000259		B:N171K	{'nuc': ['T578G', 'A1281G', 'G1286A'], 'HA1': ['N171K'], 'HA2': ['I77V']}
A/SriLanka/61/2015	EPI765140	B:N171K	{'nuc': ['C932A', 'A1403G']}
NODE_0000260		B:N171K	{'nuc': ['A251G']}
NODE_0001203		B:N171K	{}
NODE_0000266		B:N171K	{'nuc': ['C544A'], 'HA1': ['T160K']}
A/Yunnan-Qilin/1902/2015	EPI697603	B:N171K	{}
NODE_0000267		B:N171K	{'nuc': ['G477T', 'T646C'], 'HA1': ['A138S', 'L194P']}
A/Alaska/232/2015-egg	EPI787411	B:N171K	{'nuc': ['T643A'], 'HA1': ['F193Y']}
A/HongKong/50/2016-egg	EPI896897	B:N171K	{'nuc': ['T611C', 'A731G', 'T821A', 'C1001A', 'A1516G'], 'HA1': ['S312R'], 'HA2': ['E155G']}
NODE_0001216		B:N171K	{}
NODE_0000263		B:N171K	{'nuc': ['A1133G', 'T1322C']}
A/Lyon/2608/2015	EPI709605	B:N171K	{'nuc': ['T296C', 'A515G']}
A/Brisbane/197/2015	EPI704169	B:N171K	{'nuc': ['T992C', 'C1644T'], 'HA2': ['L198F']}
NODE_0000265		B:N171K	{'nuc': ['C1001A'], 'HA1': ['S312R']}
A/Wakayama-C/103/2015	EPI672295	B:N171K	{}
NODE_0001189		B:N171K	{}
A/Victoria/2015/2016	EPI834952	B:N171K	{'nuc': ['G95A', 'C344T', 'G1214A', 'C1334T', 'G1719T', 'T1729G']}
A/Singapore/INFTT-16-0083/2016	EPI780600	B:N171K	{'nuc': ['T611C', 'C1610T']}
NODE_0001190		B:N171K	{}
NODE_0000262		B:N171K	{'nuc': ['A1331G']}
A/Yokohama/102/2015	EPI687103	B:N171K	{'nuc': ['A306G', 'T740C'], 'HA1': ['N81D']}
A/Yokohama/81/2016	EPI743763	B:N171K	{}
NODE_0001192		B:N171K	{}
NODE_0001193		B:N171K	{}
A/Alaska/232/2015	EPI772786	B:N171K	{}
NODE_0001194		B:N171K	{}
NODE_0000271		B:N171K	{'nuc': ['T657C'], 'HA1': ['S198P']}
NODE_0001196		B:N171K	{}
A/Canberra/7/2016	EPI866694	B:N171K	{'nuc': ['A250G', 'T1697C'], 'HA1': ['E62G']}
A/PuertoRico/9/2016	EPI832453	B:N171K	{'nuc': ['T1211C']}
NODE_0000272		B:N171K	{'nuc': ['A27G', 'C383T', 'A956C'], 'SigPep': ['I4V']}
A/Vietnam/6021/2016	EPI976444	B:N171K	{'nuc': ['G38A']}
NODE_0000273		B:N171K	{'nuc': ['T173C']}
A/Victoria/825/2016	EPI869532	B:N171K	{'nuc': ['A335G']}
NODE_0000274		B:N171K	{'nuc': ['G222A'], 'HA1': ['D53N']}
A/Vietnam/6179/2016	EPI976544	B:N171K	{'nuc': ['T1463C']}
A/Lao/F2884/2016	EPI976305	B:N171K	{'nuc': ['C284T', 'A515G', 'C544A', 'T980C'], 'HA1': ['T160K']}
NODE_0001200		B:N171K	{}
A/Yunnan-Zhaoyang/11110/2015	EPI697072	B:N171K	{'nuc': ['T182C', 'A842G']}
NODE_0001201		B:N171K	{}
NODE_0001202		B:N171K	{}
NODE_0000261		B:N171K	{'nuc': ['T173C']}
A/Yokohama/120/2016	EPI861646	B:N171K	{}
A/Paris/1232/2017	EPI1040259	B:N171K	{'nuc': ['C29T', 'G188A', 'G251A', 'T276C', 'T302A', 'A489G', 'G699T', 'A927C', 'T1091C', 'C1312T'], 'HA1': ['F79L', 'R142G', 'A212S', 'I288L'], 'HA2': ['T87I']}
NODE_0001204		B:N171K	{}
A/Tianjin-Nankai/1405/2016	EPI777812	B:N171K	{}
NODE_0001205		B:N171K	{}
A/Sichuan-Jinjiang/8156/2016	EPI829546	B:N171K	{'nuc': ['G222A', 'G812A', 'C839T'], 'HA1': ['D53N']}
A/Tochigi/16153/2016	EPI840963	B:N171K	{'nuc': ['C386T', 'A543G', 'A1369T'], 'HA1': ['T160A'], 'HA2': ['H106L']}
NODE_0001206		B:N171K	{}
NODE_0001207		B:N171K	{}
A/Taipei/20/2016	EPI963237	B:N171K	{'nuc': ['T58G', 'C382T', 'A1178G'], 'HA1': ['A106V'], 'SigPep': ['V14G']}
NODE_0001208		B:N171K	{}
A/Talca/14380/2016	EPI775934	B:N171K	{'nuc': ['C932A', 'G1358A']}
A/Yokohama/4/2016	EPI717510	B:N171K	{}
NODE_0001209		B:N171K	{}
NODE_0001210		B:N171K	{}
A/Piestany/111/2016	EPI824076	B:N171K	{'nuc': ['T272C', 'G337A', 'G578A', 'A1047G'], 'HA1': ['S91N', 'T328A']}
A/Ontario/RV2414/2015	EPI702064	B:N171K	{}
NODE_0001211		B:N171K	{}
A/Wisconsin/87/2015	EPI677478	B:N171K	{}
NODE_0001212		B:N171K	{}
A/HongKong/1706/2016	EPI814009	B:N171K	{'nuc': ['C617T']}
NODE_0001213		B:N171K	{}
A/NorthCarolina/4/2016	EPI1631886	B:N171K	{}
NODE_0001214		B:N171K	{}
A/Colombia/1408/2016	EPI886813	B:N171K	{'nuc': ['T204A', 'G297A', 'T548C', 'C641T', 'T851C', 'G1247A'], 'HA1': ['S47T', 'G78S']}
NODE_0001215		B:N171K	{}
NODE_0000269		B:N171K	{'nuc': ['A157G'], 'HA1': ['N31S']}
NODE_0000270		B:N171K	{'nuc': ['G1073T', 'A1133T'], 'HA2': ['Q27H']}
A/Taiwan/794/2016	EPI912920	B:N171K	{}
A/Taiwan/960/2016	EPI924760	B:N171K	{'nuc': ['C544A'], 'HA1': ['T160K']}
NODE_0001218		B:N171K	{}
A/HongKong/2391/2016	EPI836515	B:N171K	{}
NODE_0001219		B:N171K	{}
A/Macedonia/24/2016	EPI976642	B:N171K	{'nuc': ['T1283C', 'A1481G']}
A/Denmark/75/2016	EPI879364	B:N171K	{'nuc': ['T722A', 'G1104A', 'A1700G'], 'HA2': ['V18M']}
NODE_0001220		B:N171K	{}
NODE_0000268		B:N171K	{'nuc': ['G847A'], 'HA1': ['R261Q']}
A/SriLanka/49/2016	EPI919306	B:N171K	{'nuc': ['C1166T']}
NODE_0001222		B:N171K	{}
A/SriLanka/5/2017	EPI919189	B:N171K	{'nuc': ['T74C', 'G101A', 'T389C']}
NODE_0001223		B:N171K	{}
A/Sweden/73/2016	EPI881849	B:N171K	{'nuc': ['G995A']}
A/SriLanka/45/2016	EPI919312	B:N171K	{'nuc': ['T83C', 'T1190C']}
NODE_0001224		B:N171K	{}
A/Macedonia/25/2016	EPI976650	B:N171K	{'nuc': ['G374A', 'G626T', 'A712G', 'G1343A', 'A1468G', 'A1631G'], 'HA1': ['N216S'], 'HA2': ['K139R', 'I193M']}
NODE_0001225		B:N171K	{}
NODE_0000264		B:N171K	{'nuc': ['G137A', 'T308C', 'G974T']}
A/CzechRepublic/130/2017	EPI1179683	B:N171K	{'nuc': ['A68G']}
A/BanskaBystrica/33/2017	EPI1169789	B:N171K	{'nuc': ['C404T', 'A674G']}
NODE_0001227		B:N171K	{}
A/Puymirol/2547/2016	EPI907962	B:N171K	{}
NODE_0001228		B:N171K	{}
A/Tunisia/2240/2017	EPI991759	B:N171K	{'nuc': ['C417T', 'A963G', 'A1418G'], 'HA1': ['I300V']}
A/Ecuador/1614/2017	EPI1035223	B:N171K	{'nuc': ['A841G', 'G1574A'], 'HA1': ['K259R']}
NODE_0000275		B:R142G-N171K	{'nuc': ['A489G'], 'HA1': ['R142G']}
NODE_0001230		B:R142G-N171K	{}
A/Yozgat/14/2017	EPI1013157	B:R142G-N171K	{'nuc': ['C1356T']}
NODE_0001231		B:R142G-N171K	{}
A/Bangladesh/5010/2016	EPI832285	B:R142G-N171K	{'nuc': ['G371A', 'T1130C', 'C1667T']}
NODE_0001232		B:R142G-N171K	{}
A/Bangladesh/429/2016	EPI865318	B:R142G-N171K	{'nuc': ['A6T', 'A157G'], 'HA1': ['N31S']}
NODE_0001233		B:R142G-N171K	{}
A/SaudiArabia/193825/2016	EPI867260	B:R142G-N171K	{}
NODE_0001234		B:R142G-N171K	{}
A/Singapore/TT1329/2016	EPI873968	B:R142G-N171K	{}
NODE_0001235		B:R142G-N171K	{}
A/Yokohama/200/2016	EPI943154	B:R142G-N171K	{'nuc': ['T53C', 'C343T', 'C1622T'], 'HA1': ['A93V']}
NODE_0001236		B:R142G-N171K	{}
A/Dnipro/736/2016	EPI897131	B:R142G-N171K	{'nuc': ['G374T', 'A986G', 'A1705G'], 'HA2': ['N218S']}
A/SantaCatarina/1909/2016	EPI1040859	B:R142G-N171K	{'nuc': ['T233C', 'C448A'], 'HA1': ['T128N']}
NODE_0000276		B.1	{'nuc': ['C428A', 'G1223A'], 'HA1': ['N121K']}
NODE_0001238		B.1	{}
NODE_0000277		B.1	{'nuc': ['A809G', 'T1175G', 'C1325T']}
A/Bangladesh/3001/2016	EPI861942	B.1	{'nuc': ['A434G', 'T623C']}
NODE_0000278		B.1	{'nuc': ['G371A', 'C437T', 'C469A'], 'HA1': ['T135K']}
A/Washington/106/2016	EPI1090847	B.1	{'nuc': ['C1232T']}
A/Delaware/32/2016	EPI1035199	B.1	{}
NODE_0001241		B.1	{}
A/Arizona/67/2016	EPI1118427	B.1	{'nuc': ['G63A', 'T293C', 'A341G', 'C560T', 'G647A', 'G1574A', 'G1721A'], 'SigPep': ['A16T']}
NODE_0001242		B.1	{}
A/Wisconsin/84/2016	EPI857063	B.1	{'nuc': ['G490A', 'A1238G', 'A1367G'], 'HA1': ['G142E']}
A/Portugal/SU12/2016	EPI991689	B.1	{'nuc': ['C344T']}
NODE_0000279		B.1	{'nuc': ['G1501A'], 'HA2': ['G150E']}
NODE_0000280		B.1	{'nuc': ['C1212A', 'A1553G', 'G1595A']}
A/Singapore/Infimh-16-0019/2016	EPI1381186	B.1	{}
A/Singapore/Infimh-16-0019/2016-egg	EPI1341068	B.1	{'nuc': ['C544A', 'T646C', 'A739G'], 'HA1': ['T160K', 'L194P', 'D225G']}
NODE_0000281		B.1	{'nuc': ['C131T']}
A/Bulgaria/1247/2016	EPI896780	B.1	{'nuc': ['C410T']}
NODE_0000282		B.1:G142R	{'nuc': ['G489A'], 'HA1': ['G142R']}
A/Poitiers/1577/2016	EPI859047	B.1:G142R	{}
NODE_0000283		B.1:I140M-G142R	{'nuc': ['A485G'], 'HA1': ['I140M']}
NODE_0000285		B.1:I140M-G142R	{'nuc': ['T503C']}
A/TripoliGR/475/2017	EPI979010	B.1:I140M-G142R	{'nuc': ['A848G', 'A1253G', 'T1697C']}
A/Yokohama/124/2016	EPI854228	B.1:I140M-G142R	{'nuc': ['G137A', 'A398G', 'C1064T', 'G1217A']}
NODE_0001279		B.1:I140M-G142R	{}
NODE_0000284		B.1:I140M-G142R	{'nuc': ['A248G']}
A/Norway/3806/2016-egg	EPI910596	B.1:I140M-G142R	{'nuc': ['C544A', 'T646C'], 'HA1': ['T160K', 'L194P']}
A/Norway/3813/2016	EPI773850	B.1:I140M-G142R	{}
NODE_0001248		B.1:I140M-G142R	{}
A/Oman/4726/2016	EPI814333	B.1:I140M-G142R	{}
A/NewZealand/1184/2016	EPI871488	B.1:I140M-G142R	{}
NODE_0000286		B.1.1	{'nuc': ['C469A'], 'HA1': ['T135K']}
A/Yokohama/149/2016	EPI917423	B.1.1	{'nuc': ['T65A', 'A452G', 'G490A', 'A584G', 'C743A', 'A856G', 'A1145G', 'C1220T', 'C1241T'], 'HA1': ['R142K', 'K264R']}
NODE_0001252		B.1.1	{}
NODE_0000287		B.1.1	{'nuc': ['C614T']}
A/Oregon/19/2016	EPI1094343	B.1.1	{'nuc': ['C54A', 'A266T', 'G782A'], 'SigPep': ['L13M']}
A/England/920/2016	EPI829943	B.1.1	{'nuc': ['G847A'], 'HA1': ['R261Q']}
NODE_0000288		B.1.1	{'nuc': ['T272C', 'A1726G']}
NODE_0000290		B.1.1	{'nuc': ['T176C']}
A/Finland/784/2017	EPI1001376	B.1.1	{'nuc': ['C533T']}
NODE_0000291		B.1.1	{'nuc': ['A313G', 'T1011C'], 'HA1': ['K83R']}
A/Paris/1168/2017	EPI973380	B.1.1	{'nuc': ['T1313C']}
A/Slovenia/1406/2017	EPI1046443	B.1.1	{'nuc': ['G222A', 'G1217A', 'C1289T'], 'HA1': ['D53N']}
NODE_0001293		B.1.1	{}
NODE_0000292		B.1.1	{'nuc': ['A429G'], 'HA1': ['N122D']}
A/Peru/6917/2017	EPI1039057	B.1.1	{'nuc': ['G23A', 'C62T', 'C272A', 'A340G', 'A1280G', 'A1547G'], 'HA1': ['K92R']}
NODE_0000293		B.1.1	{'nuc': ['G298A'], 'HA1': ['G78D']}
A/Uruguay/43/2017	EPI1035657	B.1.1	{'nuc': ['C221T']}
NODE_0001259		B.1.1	{}
A/Greece/4/2017-egg	EPI1048737	B.1.1	{'nuc': ['C544A', 'T646C', 'C673T', 'C1598T'], 'HA1': ['T160K', 'L194P', 'T203I']}
NODE_0000294		B.1.1	{'nuc': ['C17T', 'T89C', 'T345C'], 'HA1': ['Y94H']}
A/Congo/7/2018	EPI1248851	B.1.1	{'nuc': ['C344T', 'T680C', 'A1499C']}
A/Congo/553/2017	EPI1205314	B.1.1	{'nuc': ['A260G', 'T365C', 'T566C', 'T1130C', 'C1654T'], 'HA2': ['A201V']}
NODE_0001261		B.1.1	{}
A/StPetersburg/274/2017	EPI1043076	B.1.1	{'nuc': ['A260G', 'C273T', 'C386T', 'A941G', 'T953C', 'T1379C', 'A1427G']}
NODE_0001262		B.1.1	{}
A/Austria/962120/2016	EPI884309	B.1.1	{}
NODE_0001263		B.1.1	{}
A/England/71000565/2017	EPI1029541	B.1.1	{'nuc': ['C707T', 'T980C', 'A1588G'], 'HA2': ['K179R']}
NODE_0001264		B.1.1	{}
A/SouthAfrica/R05675/2017	EPI1049334	B.1.1	{'nuc': ['A14G', 'G113A', 'C116T', 'T458C', 'C464T', 'C654A', 'A752G', 'G854A', 'C1703T'], 'HA1': ['Q197K']}
NODE_0000289		B.1.1	{'nuc': ['T201A'], 'HA1': ['S46T']}
A/StPetersburg/311/2017	EPI1039125	B.1.1	{}
A/Santiago/56159/2017	EPI1049386	B.1.1	{'nuc': ['T58C'], 'SigPep': ['V14A']}
NODE_0000295		B.1:G142R	{'nuc': ['G489A'], 'HA1': ['G142R']}
NODE_0001304		B.1:G142R	{}
A/Oman/2758/2016	EPI769533	B.1:G142R	{'nuc': ['G436A', 'T497C', 'C1026A'], 'HA1': ['S124N']}
NODE_0000296		B.1:G142R	{'nuc': ['G113A', 'T516C', 'A770G']}
A/SouthAustralia/135/2016	EPI1240240	B.1:G142R	{'nuc': ['C977T']}
A/Newcastle/30/2016	EPI866686	B.1:G142R	{'nuc': ['A429G'], 'HA1': ['N122D']}
NODE_0001268		B.1:G142R	{}
NODE_0001269		B.1:G142R	{}
A/Singapore/INFTT-16-0297/2016	EPI780736	B.1:G142R	{'nuc': ['T55G', 'T200C', 'A428C', 'T500C', 'T1619G'], 'HA1': ['K121N'], 'HA2': ['I189M'], 'SigPep': ['L13R']}
NODE_0001270		B.1:G142R	{}
NODE_0000297		B.1:G142R	{'nuc': ['C221T']}
A/Antananarivo/1067/2016-egg	EPI1055933	B.1:G142R	{'nuc': ['C544A', 'G622T', 'C721T', 'T742G'], 'HA1': ['T160K', 'G186V', 'I226S']}
A/Antananarivo/1067/2016	EPI1085522	B.1:G142R	{}
NODE_0001272		B.1:G142R	{}
A/Dnipro/769/2016	EPI775600	B.1:G142R	{}
NODE_0001273		B.1:G142R	{}
A/Melilla/2767/2016	EPI858816	B.1:G142R	{'nuc': ['G975A'], 'HA1': ['A304T']}
A/Oman/5466/2016	EPI832509	B.1:G142R	{'nuc': ['A705G', 'T1076C'], 'HA1': ['I214V']}
NODE_0001274		B.1:G142R	{}
A/NosyBe/1060/2016	EPI813937	B.1:G142R	{'nuc': ['G1562A', 'A1726G']}
NODE_0000298		B.1:G142R	{'nuc': ['G1214A']}
A/Singapore/INFTT-16-0411/2016	EPI2053174	B.1:G142R	{'nuc': ['A22G', 'A430G', 'G1106A', 'C1487T'], 'HA1': ['N122S'], 'SigPep': ['K2R']}
NODE_0000299		B.1:K92R-G142R-H311Q	{'nuc': ['A281G', 'T296C', 'A340G', 'T555C', 'T998A'], 'HA1': ['K92R', 'H311Q']}
A/India/8359/2016	EPI832085	B.1:K92R-G142R-H311Q	{'nuc': ['G399A', 'A729C', 'A1454G'], 'HA1': ['V112I']}
NODE_0001315		B.1:K92R-G142R-H311Q	{}
NODE_0000301		B.1:K92R-G142R-H311Q	{'nuc': ['T643C'], 'HA1': ['F193S']}
A/Yamaguchi/34/2016	EPI918543	B.1:K92R-G142R-H311Q	{'nuc': ['A82T', 'G113A', 'T158A', 'T176C', 'G290A', 'C1220T', 'C1565T'], 'HA1': ['N6I', 'N31K']}
NODE_0000302		B.1:K92R-G142R-H311Q	{'nuc': ['C544T'], 'HA1': ['T160I']}
A/Florida/23/2017	EPI1026758	B.1:K92R-G142R-H311Q	{'nuc': ['T26C']}
A/Texas/68/2017	EPI1026750	B.1:K92R-G142R-H311Q	{'nuc': ['G596A', 'A1414G'], 'HA2': ['K121R']}
NODE_0001319		B.1:K92R-G142R-H311Q	{}
NODE_0000303		B.1:K92R-G142R-H311Q	{'nuc': ['A237G', 'T611C'], 'HA1': ['I58V']}
NODE_0000304		B.1:K92R-G142R-H311Q	{'nuc': ['C410T', 'C1118T', 'A1253G']}
A/NovgorogVelikiy/82/2017	EPI1050903	B.1:K92R-G142R-H311Q	{}
A/Victoria/1000/2017	EPI1022118	B.1:K92R-G142R-H311Q	{}
NODE_0000305		B.1:K92R-G142R-H311Q	{'nuc': ['A655G', 'G899A'], 'HA1': ['Q197R']}
A/Colombia/5238/2017	EPI1058317	B.1:K92R-G142R-H311Q	{'nuc': ['A1214C', 'C1220T', 'A1274G']}
A/Hessen/48/2017	EPI1040720	B.1:K92R-G142R-H311Q	{'nuc': ['T74A', 'G222A'], 'HA1': ['D53N']}
A/Parana/99/2017	EPI1016866	B.1:K92R-G142R-H311Q	{'nuc': ['T26C', 'T36C']}
NODE_0001323		B.1:K92R-G142R-H311Q	{}
A/London/16U729646-88_S40_L001/2016	EPI1042184	B.1:K92R-G142R-H311Q	{'nuc': ['T800A', 'C1400A'], 'HA2': ['N116K']}
NODE_0001282		B.1:K92R-G142R-H311Q	{}
A/Bahrain/786/2016	EPI955679	B.1:K92R-G142R-H311Q	{'nuc': ['T1666C'], 'HA2': ['F205S']}
NODE_0001283		B.1:K92R-G142R-H311Q	{}
NODE_0000300		B.1:K92R-G142R-H311Q	{'nuc': ['C224A', 'G236A', 'G290T', 'T746C'], 'HA1': ['D53E', 'Q75H']}
A/Guatemala/228/2017	EPI1049030	B.1:K92R-G142R-H311Q	{'nuc': ['C359T', 'G1040A']}
A/Bangladesh/8007/2017	EPI1056944	B.1:K92R-G142R-H311Q	{'nuc': ['A6T', 'G188A', 'A429G', 'G995A', 'A1193G', 'A1214G', 'A1253G', 'G1406A'], 'HA1': ['N122D']}
NODE_0001285		B.1:K92R-G142R-H311Q	{}
NODE_0001286		B.1:K92R-G142R-H311Q	{}
A/Uruguay/14/2017	EPI1035618	B.1:K92R-G142R-H311Q	{'nuc': ['G627A'], 'HA1': ['D188N']}
NODE_0001287		B.1:K92R-G142R-H311Q	{}
A/BosniaHerzegovina/127/2017	EPI1040706	B.1:K92R-G142R-H311Q	{'nuc': ['G1104A', 'A1668C'], 'HA2': ['V18M', 'I206L']}
NODE_0001288		B.1:K92R-G142R-H311Q	{}
A/NorthernIreland/71380480/2017	EPI1029669	B.1:K92R-G142R-H311Q	{'nuc': ['C544A'], 'HA1': ['T160K']}
NODE_0001289		B.1:K92R-G142R-H311Q	{}
NODE_0001290		B.1:K92R-G142R-H311Q	{}
A/Singapore/TT0555/2017	EPI1023828	B.1:K92R-G142R-H311Q	{}
NODE_0001291		B.1:K92R-G142R-H311Q	{}
A/Belgium/S300/2017	EPI1042972	B.1:K92R-G142R-H311Q	{'nuc': ['G56T', 'T204G'], 'HA1': ['S47A']}
A/Ovalle/47167/2017	EPI1047969	B.1:K92R-G142R-H311Q	{'nuc': ['C273T', 'A275G', 'G1007A', 'T1091C', 'A1157G']}
NODE_0001292		B.1:K92R-G142R-H311Q	{}
A/SouthCarolina/4/2017	EPI1094351	B.1:K92R-G142R-H311Q	{'nuc': ['C614T']}
NODE_0000306		B.1:K92R-T135N-G142R-H311Q	{'nuc': ['A98G', 'C469A', 'A470T'], 'HA1': ['T135N']}
NODE_0001294		B.1:K92R-T135N-G142R-H311Q	{}
A/HongKong/4829/2017	EPI1107291	B.1:K92R-T135N-G142R-H311Q	{'nuc': ['C1310T', 'G1562T']}
NODE_0001295		B.1:K92R-T135N-G142R-H311Q	{}
NODE_0000308		B.1:K92R-T135N-G142R-H311Q	{'nuc': ['C29T', 'A209C', 'G1127A']}
A/SriLanka/94/2017	EPI1179458	B.1:K92R-T135N-G142R-H311Q	{'nuc': ['C404A', 'A572T']}
NODE_0001297		B.1:K92R-T135N-G142R-H311Q	{}
A/Denmark/4/2018	EPI1170342	B.1:K92R-T135N-G142R-H311Q	{'nuc': ['C1262T', 'C1355T']}
A/Nagano/2731/2017	EPI1215421	B.1:K92R-T135N-G142R-H311Q	{'nuc': ['G1142T'], 'HA2': ['E30D']}
NODE_0001298		B.1:K92R-T135N-G142R-H311Q	{}
A/Maldives/1068/2017	EPI1174671	B.1:K92R-T135N-G142R-H311Q	{}
NODE_0001299		B.1:K92R-T135N-G142R-H311Q	{}
A/Zhejiang-Nanhu/1745/2017	EPI1197710	B.1:K92R-T135N-G142R-H311Q	{}
NODE_0001300		B.1:K92R-T135N-G142R-H311Q	{}
A/Philippines/758/2017	EPI1142502	B.1:K92R-T135N-G142R-H311Q	{'nuc': ['C1187T']}
NODE_0001301		B.1:K92R-T135N-G142R-H311Q	{}
A/Yokohama/145/2017	EPI1126242	B.1:K92R-T135N-G142R-H311Q	{}
NODE_0000307		B.1:K92R-T135N-G142R-H311Q	{'nuc': ['A872G', 'A1572C', 'G1574A'], 'HA2': ['K174Q']}
A/Bangladesh/1371/2018	EPI1313025	B.1:K92R-T135N-G142R-H311Q	{'nuc': ['A791G'], 'HA1': ['I242M']}
A/Bangladesh/723/2018	EPI1329209	B.1:K92R-T135N-G142R-H311Q	{'nuc': ['C386A']}
NODE_0001303		B.1:K92R-T135N-G142R-H311Q	{}
NODE_0000309		B.1:K92R-T135N-G142R-H311Q	{'nuc': ['G990A'], 'HA1': ['V309I']}
NODE_0001347		B.1:K92R-T135N-G142R-H311Q	{}
A/India/9930/2017	EPI1163286	B.1:K92R-T135N-G142R-H311Q	{'nuc': ['G1073T']}
A/Oman/5186/2017	EPI1088164	B.1:K92R-T135N-G142R-H311Q	{'nuc': ['G1073A', 'C1334T']}
NODE_0000310		B.1:K92R-T135N-G142R-H311Q	{'nuc': ['T458C']}
A/Texas/290/2017	EPI1088276	B.1:K92R-T135N-G142R-H311Q	{'nuc': ['C203A', 'G527A', 'T1448C']}
A/Pakistan/178/2017	EPI1142346	B.1:K92R-T135N-G142R-H311Q	{'nuc': ['T1031C', 'C1654T'], 'HA2': ['A201V']}
NODE_0000311		B.1:K92R-T135N-G142R-H311Q	{'nuc': ['T1244C']}
A/Kanagawa/IC1725/2018	EPI1314760	B.1:K92R-T135N-G142R-H311Q	{'nuc': ['T176C', 'T643C', 'C1356T', 'G1574A'], 'HA1': ['F193S']}
NODE_0000312		B.1:K92R-T135N-G142R-I214T-H311Q	{'nuc': ['T706C'], 'HA1': ['I214T']}
NODE_0001355		B.1:K92R-T135N-G142R-I214T-H311Q	{}
A/Philippines/189/2018	EPI1282675	B.1:K92R-T135N-G142R-I214T-H311Q	{'nuc': ['C1026A']}
NODE_0001308		B.1:K92R-T135N-G142R-I214T-H311Q	{}
A/Philippines/334/2018	EPI1266245	B.1:K92R-T135N-G142R-I214T-H311Q	{}
A/Ohio/26/2018	EPI1273686	B.1:K92R-T135N-G142R-I214T-H311Q	{}
NODE_0000313		B.1:K92R-T135N-G142R-I214T-H311Q	{'nuc': ['T1136C']}
A/AbuDhabi/134/2018	EPI1336988	B.1:K92R-T135N-G142R-I214T-H311Q	{'nuc': ['C131T', 'A209G', 'G298A', 'C413A', 'C1064T', 'G1302A', 'G1583A'], 'HA1': ['I48M', 'G78D'], 'HA2': ['V84I']}
NODE_0000314		B.1:K92R-T135N-G142R-I214T-H311Q	{'nuc': ['G1501A'], 'HA2': ['G150E']}
A/Sydney/22/2018	EPI1251865	B.1:K92R-T135N-G142R-I214T-H311Q	{'nuc': ['A580G'], 'HA1': ['E172G']}
NODE_0001311		B.1:K92R-T135N-G142R-I214T-H311Q	{}
A/Madagascar/1123/2018	EPI1282642	B.1:K92R-T135N-G142R-I214T-H311Q	{}
A/Wisconsin/95/2018	EPI1273710	B.1:K92R-T135N-G142R-I214T-H311Q	{'nuc': ['G1421A', 'C1560A']}
NODE_0001312		B.1:K92R-T135N-G142R-I214T-H311Q	{}
A/Yokohama/95/2018	EPI1322939	B.1:K92R-T135N-G142R-I214T-H311Q	{'nuc': ['C860T', 'C1478T', 'T1520C']}
NODE_0001313		B.1:K92R-T135N-G142R-I214T-H311Q	{}
A/HongKong/2060/2018	EPI1372199	B.1:K92R-T135N-G142R-I214T-H311Q	{}
A/Victoria/9/2019	EPI1371904	B.1:K92R-T135N-G142R-I214T-H311Q	{}
NODE_0000315		B.1:K92R-G142R-H311Q	{'nuc': ['A250G', 'A489G'], 'HA1': ['E62G', 'R142G']}
NODE_0000316		B.1:K92R-G142R-H311Q	{'nuc': ['T1190C']}
NODE_0000318		B.1:K92R-G142R-H311Q	{'nuc': ['A165G'], 'HA1': ['I34V']}
A/Kenya/167/2018	EPI1356504	B.1:K92R-G142R-H311Q	{'nuc': ['T10C', 'T51G', 'T815C', 'A898G', 'A1271G', 'C1355A'], 'HA1': ['K278R'], 'SigPep': ['C12G']}
NODE_0000319		B.1:K92R-G142R-H311Q	{'nuc': ['T1655C']}
A/Mozambique/8218/2018	EPI1277347	B.1:K92R-G142R-H311Q	{'nuc': ['A43G', 'T1049C', 'C1229A'], 'SigPep': ['Y9C']}
A/SouthAfrica/R07380/2017	EPI1049463	B.1:K92R-G142R-H311Q	{}
NODE_0001318		B.1:K92R-G142R-H311Q	{}
NODE_0000317		B.1:K92R-G142R-H311Q	{'nuc': ['G197A']}
A/Singapore/TT0495/2017	EPI1023820	B.1:K92R-G142R-H311Q	{'nuc': ['C240A'], 'HA1': ['L59I']}
A/Yokohama/143/2017	EPI1057880	B.1:K92R-G142R-H311Q	{'nuc': ['C983A']}
NODE_0001320		B.1:K92R-G142R-H311Q	{}
A/Taiwan/544/2017	EPI1046864	B.1:K92R-G142R-H311Q	{'nuc': ['G374A', 'T449G', 'G961A', 'C1496T', 'G1501A'], 'HA1': ['R299K'], 'HA2': ['G150E']}
NODE_0001321		B.1:K92R-G142R-H311Q	{}
A/Mozambique/309/2017	EPI1117621	B.1:K92R-G142R-H311Q	{'nuc': ['A6T', 'T302C', 'C338A', 'G830A', 'G854A', 'C977A', 'T980C'], 'HA1': ['S91R']}
A/NewZealand/2337/2017	EPI1107036	B.1:K92R-G142R-H311Q	{'nuc': ['G371A', 'A515G', 'A1068G', 'G1721T'], 'HA2': ['I6V']}
NODE_0001322		B.1:K92R-G142R-H311Q	{}
NODE_0000320		B.1.2.1	{'nuc': ['C469A'], 'HA1': ['T135K']}
NODE_0000336		B.1.2.1	{'nuc': ['G298A'], 'HA1': ['G78D']}
NODE_0000337		B.1.2.1	{'nuc': ['G829A'], 'HA1': ['R255K']}
A/HongKong/2286/2017	EPI1021210	B.1.2.1	{}
A/HongKong/2286/2017-egg	EPI1131116	B.1.2.1	{'nuc': ['G290T', 'C544A', 'G622T', 'C721A'], 'HA1': ['Q75H', 'T160K', 'G186V', 'S219Y']}
NODE_0001375		B.1.2.1	{}
NODE_0000338		B.1.2.1	{'nuc': ['G188A', 'C544A', 'C1654T'], 'HA1': ['T160K'], 'HA2': ['A201V']}
A/Afghanistan/833/2017	EPI1197229	B.1.2.1	{'nuc': ['A956G', 'T1532C']}
A/Afghanistan/616/2017	EPI1197029	B.1.2.1	{}
NODE_0001329		B.1.2.1	{}
A/Vietnam/Lisn131/2017	EPI1145959	B.1.2.1	{'nuc': ['A753G', 'G1589A'], 'HA1': ['I230V']}
A/Tokyo/17185/2017	EPI1057832	B.1.2.1	{}
NODE_0001379		B.1.2.1	{}
NODE_0000330		B.1.2.1	{'nuc': ['G63A'], 'SigPep': ['A16T']}
A/Yokosuka/26/2017	EPI1155184	B.1.2.1	{'nuc': ['T60G', 'A893C', 'A1223G', 'G1583A'], 'HA1': ['K276N'], 'SigPep': ['F15V']}
NODE_0000331		B.1.2.1	{'nuc': ['G847A'], 'HA1': ['R261Q']}
A/Wellington/1/2018	EPI1269270	B.1.2.1	{'nuc': ['T26C', 'T65C', 'T139C', 'T556A', 'T815C', 'A956G'], 'HA1': ['I25T', 'L164Q']}
NODE_0000332		B.1.2.1	{'nuc': ['A313G'], 'HA1': ['K83R']}
A/NewZealand/2391/2017	EPI1107314	B.1.2.1	{}
A/Victoria/653/2017	EPI1060375	B.1.2.1	{}
A/Victoria/653/2017-egg	EPI1140329	B.1.2.1	{'nuc': ['C544A', 'T646C', 'C673T'], 'HA1': ['T160K', 'L194P', 'T203I']}
NODE_0001383		B.1.2.1	{}
NODE_0001331		B.1.2.1	{}
NODE_0001332		B.1.2.1	{}
A/Wakayama-C/107/2017	EPI1118572	B.1.2.1	{'nuc': ['T74C', 'A1238G']}
NODE_0001333		B.1.2.1	{}
A/Nonthaburi/182/2017	EPI1197678	B.1.2.1	{'nuc': ['A1184C', 'T1322C', 'G1541A']}
NODE_0000323		B.1.2.1	{'nuc': ['A1034G', 'G1433A']}
A/India/4667/2018	EPI1277372	B.1.2.1	{'nuc': ['C836T']}
A/India/4658/2018	EPI1274116	B.1.2.1	{'nuc': ['C544A', 'A631G', 'A1367G'], 'HA1': ['T160K', 'K189R']}
NODE_0001335		B.1.2.1	{}
A/Bangladesh/2171/2017	EPI1056021	B.1.2.1	{'nuc': ['T176C', 'T746C']}
NODE_0001336		B.1.2.1	{}
NODE_0001337		B.1.2.1	{}
A/Florida/52/2017	EPI1049831	B.1.2.1	{}
NODE_0001338		B.1.2.1	{}
NODE_0001339		B.1.2.1	{}
NODE_0001340		B.1.2.1	{}
A/Oman/5101/2017	EPI1088180	B.1.2.1	{'nuc': ['T706A', 'A731G'], 'HA1': ['I214N']}
A/Wisconsin/327/2017	EPI1085812	B.1.2.1	{'nuc': ['C1064T']}
NODE_0001341		B.1.2.1	{}
NODE_0000324		B.1.2.1	{'nuc': ['C303A', 'A305G', 'A335G', 'A429G', 'A685G'], 'HA1': ['Q80K', 'N122D', 'K207R']}
A/St-Etienne/1998/2018	EPI1384914	B.1.2.1	{}
A/Vladimir/191/2018	EPI1313152	B.1.2.1	{'nuc': ['A704G', 'A1588G'], 'HA2': ['K179R']}
NODE_0001343		B.1.2.1	{}
A/PortTalbot/3763/2017	EPI1179666	B.1.2.1	{'nuc': ['A1391T']}
A/Xinjiang-Tianshan/813/2018	EPI1339435	B.1.2.1	{'nuc': ['C131T', 'G327A', 'A845G', 'A848G'], 'HA1': ['V88I', 'I260M']}
NODE_0000333		B.1.2.1	{'nuc': ['G1574A', 'T1637C']}
A/Oman/1759/2018	EPI1245276	B.1.2.1	{'nuc': ['C100T', 'G222A', 'A712G', 'T914C'], 'HA1': ['T12M', 'D53N', 'N216S']}
A/Maldives/1471/2017	EPI1174623	B.1.2.1	{'nuc': ['T1215C']}
NODE_0001345		B.1.2.1	{}
A/Oman/943/2018	EPI1248771	B.1.2.1	{'nuc': ['G137A', 'C152A', 'G1721A']}
NODE_0000334		B.1.2.1	{'nuc': ['G1664A']}
A/Belgium/S0151/2019	EPI1446280	B.1.2.1	{'nuc': ['G1106A', 'C1475T']}
NODE_0000335		B.1.2.1	{'nuc': ['T602C', 'A1178G', 'G1583A']}
A/Lebanon/560/2018	EPI1317823	B.1.2.1	{}
A/Lebanon/661/2018	EPI1348744	B.1.2.1	{}
NODE_0001348		B.1.2.1	{}
NODE_0001349		B.1.2.1	{}
A/Victoria/899/2017	EPI1153098	B.1.2.1	{'nuc': ['T7C', 'C162A', 'A441G', 'C971T', 'A1151G', 'C1584T'], 'HA1': ['N126D']}
A/Sakonnakhon/290/2017	EPI1179575	B.1.2.1	{'nuc': ['C62T', 'T323C', 'C544A', 'C560T', 'A1058C', 'A1298G'], 'HA1': ['T160K']}
NODE_0001350		B.1.2.1	{}
A/Paris/1383/2017	EPI1081965	B.1.2.1	{}
NODE_0001351		B.1.2.1	{}
A/HongKong/3630/2017	EPI1055926	B.1.2.1	{}
NODE_0001352		B.1.2.1	{}
NODE_0001353		B.1.2.1	{}
A/England/73660230/2017	EPI1112452	B.1.2.1	{}
A/Trang/2627/2017	EPI1181072	B.1.2.1	{'nuc': ['T680C', 'A1042G'], 'HA1': ['K326R']}
NODE_0001354		B.1.2.1	{}
NODE_0000322		B.1.2.1	{'nuc': ['C413A', 'C617T']}
A/Sydney/8/2018	EPI1242778	B.1.2.1	{}
A/Townsville/18/2017	EPI1179485	B.1.2.1	{'nuc': ['C417T', 'T512C']}
NODE_0001356		B.1.2.1	{}
NODE_0001357		B.1.2.1	{}
A/Vietnam/GHS180004/2018	EPI1385780	B.1.2.1	{'nuc': ['A164T', 'T643C'], 'HA1': ['F193S']}
A/Wrexham/4801/2017	EPI1193197	B.1.2.1	{}
NODE_0001358		B.1.2.1	{}
A/Wrexham/7024/2017	EPI1191885	B.1.2.1	{}
NODE_0001359		B.1.2.1	{}
NODE_0001360		B.1.2.1	{}
A/Yokohama/232/2017	EPI1270405	B.1.2.1	{}
A/Uppsala/3/2017	EPI1143886	B.1.2.1	{}
NODE_0001361		B.1.2.1	{}
A/NewCaledonia/8/2018	EPI1281529	B.1.2.1	{}
A/Uppsala/1/2018	EPI1192270	B.1.2.1	{}
NODE_0001362		B.1.2.1	{}
NODE_0000328		B.1.2.1	{'nuc': ['G990A'], 'HA1': ['V309I']}
A/Lao/4043/2017	EPI1249041	B.1.2.1	{'nuc': ['C239T', 'T378C'], 'HA1': ['Y105H']}
NODE_0000329		B.1.2.1	{'nuc': ['T208G', 'A447G', 'T1283C'], 'HA1': ['I48R', 'T128A']}
A/Chanthaburi/1363/2018	EPI1310273	B.1.2.1	{}
NODE_0001365		B.1.2.1	{}
A/Lopburi/172/2018	EPI1369135	B.1.2.1	{}
A/Rennes/2767/2018	EPI1345661	B.1.2.1	{'nuc': ['T1130C', 'C1166T', 'A1214G']}
NODE_0001366		B.1.2.1	{}
A/Bangladesh/3007/2017	EPI1086153	B.1.2.1	{'nuc': ['C493T'], 'HA1': ['S143F']}
NODE_0001367		B.1.2.1	{}
A/Bangladesh/2097/2017	EPI1055989	B.1.2.1	{'nuc': ['G375A'], 'HA1': ['D104N']}
NODE_0000339		B.1.2.1:T128A	{'nuc': ['A447G'], 'HA1': ['T128A']}
NODE_0000349		B.1.2.1:T128A	{'nuc': ['A1436G']}
A/Cambodia/1054/2017	EPI1210195	B.1.2.1:T128A	{'nuc': ['G447A', 'A686G', 'G688A', 'A807T', 'G899T'], 'HA1': ['A128T', 'R208K', 'T248S', 'K278N']}
NODE_0001378		B.1.2.1:T128A	{}
A/Navarra/2152/2018	EPI1259092	B.1.2.1:T128A	{'nuc': ['G311A']}
NODE_0000350		B.1.2.1:D53N-T128A	{'nuc': ['G222A', 'T276C'], 'HA1': ['D53N']}
NODE_0001380		B.1.2.1:D53N-T128A	{}
A/Srinagar/AG480/2019	EPI1583722	B.1.2.1:D53N-T128A	{'nuc': ['A881C', 'A1181G', 'G1205A', 'G1501A'], 'HA2': ['G150E']}
A/Minnesota/58/2018	EPI1334323	B.1.2.1:D53N-T128A	{'nuc': ['A483G', 'C716T', 'C959T'], 'HA1': ['I140V']}
NODE_0000351		B.1.2.1:D53N-T128A	{'nuc': ['C338T', 'A677G']}
A/Kyiv/473/2018	EPI1363082	B.1.2.1:D53N-T128A	{'nuc': ['G236A']}
A/Norway/3736/2018	EPI1354498	B.1.2.1:D53N-T128A	{}
A/Kyiv/466/2018	EPI1372277	B.1.2.1:D53N-T128A	{}
NODE_0001429		B.1.2.1:D53N-T128A	{}
A/Kyiv/531/2018	EPI1362453	B.1.2.1:D53N-T128A	{}
A/Iceland/4/2019	EPI1592021	B.1.2.1:D53N-T128A	{'nuc': ['C544A'], 'HA1': ['T160K']}
NODE_0001430		B.1.2.1:T128A	{}
NODE_0000372		B.1.2.1:T128A	{'nuc': ['C533T']}
A/Beijing-Huairou/1557/2018	EPI1339426	B.1.2.1:T128A	{'nuc': ['G1562A']}
NODE_0001441		B.1.2.1:T128A	{}
A/Townsville/23/2018	EPI1281526	B.1.2.1:T128A	{'nuc': ['G626T', 'T713C', 'C901A', 'A1420G'], 'HA1': ['S279Y'], 'HA2': ['K123R']}
NODE_0001442		B.1.2.1:T128A	{}
A/Jiangxi-Zhushan/1657/2018	EPI1339441	B.1.2.1:T128A	{'nuc': ['C1118T']}
NODE_0000373		D	{'nuc': ['C475T', 'G477T', 'T643C', 'A956G'], 'HA1': ['S137F', 'A138S', 'F193S']}
A/Hungary/9/2020	EPI1673528	D	{'nuc': ['T176C', 'G188A', 'G281A', 'T509C', 'G812A', 'C1064T', 'C1400T']}
NODE_0000374		D	{'nuc': ['G63A', 'T1709C'], 'SigPep': ['A16T']}
NODE_0000382		D	{}
A/Zhejiang-Yongkang/1235/2019	EPI1504631	D	{'nuc': ['A24G', 'A770C', 'G1040A'], 'SigPep': ['T3A']}
NODE_0000383		D	{'nuc': ['T58G', 'G143A', 'C884A', 'G1000A', 'G1595A', 'G1717A'], 'HA1': ['S312N'], 'SigPep': ['V14G']}
A/HongKong/45/2019	EPI1691930	D	{}
A/HongKong/121/2019	EPI1381809	D	{}
NODE_0001447		D	{'nuc': ['C1064T']}
A/Zhejiang-Xihu/3108/2019	EPI1503598	D	{'nuc': ['G78A', 'A583C', 'T1190C', 'C1262T', 'G1664A'], 'HA1': ['G5R', 'Q173P']}
NODE_0001448		D	{}
NODE_0000384		D	{'nuc': ['G113A', 'T1389G', 'A1479C'], 'HA2': ['S113A', 'K143Q']}
A/DistrictOfColumbia/3/2019	EPI1362157	D	{'nuc': ['A81G', 'G626A'], 'HA1': ['N6D']}
NODE_0000385		D	{'nuc': ['G1340A']}
A/Mahasarakham/51/2019	EPI1573854	D	{}
NODE_0001451		D	{}
A/Lao/1214/2019	EPI1591574	D	{'nuc': ['T13C', 'C107T']}
A/Mahasarakham/116/2019	EPI1573621	D	{'nuc': ['A1085G']}
NODE_0001452		D	{}
NODE_0001453		D	{}
NODE_0000376		D	{'nuc': ['C48T']}
A/Victoria/7/2020	EPI1690313	D	{'nuc': ['G163A', 'A518G', 'C683A', 'G962A', 'T1163C', 'A1184G'], 'HA1': ['R33Q']}
A/HongKong/4669/2019	EPI1685861	D	{'nuc': ['T12A', 'A536G', 'A1502G']}
NODE_0001455		D	{}
NODE_0000375		D	{'nuc': ['C617T']}
A/HongKong/2671/2019	EPI1592035	D	{}
A/HongKong/2671/2019-egg	EPI1719960	D	{'nuc': ['C544T', 'G622T', 'G738A'], 'HA1': ['T160I', 'G186V', 'D225N']}
NODE_0001457		D	{}
A/HangaRoa/44910/2019	EPI1548707	D	{'nuc': ['G422A']}
NODE_0001458		D	{}
A/Zhejiang-Shangcheng/1450/2019	EPI1542534	D	{'nuc': ['T13C', 'T1076G', 'G1433A']}
NODE_0001459		D	{}
A/Lao/1789/2019	EPI1591923	D	{'nuc': ['T13A', 'C482T', 'A1298G', 'C1334T', 'T1346C']}
NODE_0001460		D	{}
NODE_0000380		D	{'nuc': ['A1592T', 'G1650A'], 'HA2': ['V200I']}
A/Yunnan-Wenshan/1269/2020	EPI1752941	D	{'nuc': ['A785G', 'G1583A', 'C1679T']}
NODE_0000381		D	{'nuc': ['A515G', 'C544T', 'C721T', 'G1589A'], 'HA1': ['T160K', 'S219F']}
A/Yunnan-Wenshan/1483/2020	EPI1799941	D	{'nuc': ['T544A']}
A/Yunnan-Wenshan/1606/2020	EPI1841218	D	{'HA1': ['K160I']}
NODE_0001463		D	{}
NODE_0000378		D	{'nuc': ['A69G', 'T377C', 'T484A'], 'HA1': ['K2E', 'I140K']}
A/Saitama/95/2020	EPI1805942	D	{'nuc': ['G496A', 'A704G'], 'HA1': ['S144N']}
NODE_0000379		D	{'nuc': ['C410T']}
A/Nonthaburi/63/2020	EPI1852181	D	{'nuc': ['T1318C', 'A1704G'], 'HA2': ['I89T', 'N218D']}
A/Cambodia/e0403374/2020	EPI1797821	D	{'nuc': ['G422A', 'C882T', 'C976T', 'A1100G', 'T1551A'], 'HA1': ['P273S', 'A304V'], 'HA2': ['L167I']}
NODE_0001466		D	{}
NODE_0000377		D	{'nuc': ['A157G', 'A779G', 'A785G'], 'HA1': ['N31S']}
A/Zhejiang-NH/191/2020	EPI3721051	D	{}
A/Zhejiang-NH/177/2020	EPI3721035	D	{'nuc': ['T484G', 'G1269A'], 'HA1': ['I140R'], 'HA2': ['V73I']}
NODE_0001468		D	{}
A/Zhejiang-Shangcheng/1725/2019	EPI1648931	D	{'nuc': ['T356C', 'C410A']}
NODE_0001469		D	{}
A/Zhejiang-NH/1922/2019	EPI3720955	D	{'nuc': ['T521C', 'C1526T']}
A/Yokohama/34/2020	EPI1711312	D	{'nuc': ['G222A', 'T525C', 'A864G', 'G888A'], 'HA1': ['D53N', 'I267V', 'G275S']}
NODE_0000386		D:E50K	{'nuc': ['G213A'], 'HA1': ['E50K']}
A/Oman/4518/2019	EPI1583858	D:E50K	{'nuc': ['C350T', 'A704G', 'C1232T', 'G1424A']}
NODE_0001471		D:E50K	{}
NODE_0000389		D:E50K	{'nuc': ['A485T', 'C1337T']}
A/Bangladesh/3055/2019	EPI1548364	D:E50K	{'nuc': ['T623A', 'A1415G']}
NODE_0001464		D:E50K	{}
A/Bangladesh/1582/2019	EPI1631144	D:E50K	{}
NODE_0001473		D:E50K	{}
A/Philippines/1551/2019	EPI1649328	D:E50K	{'nuc': ['A461G']}
NODE_0001474		D:E50K	{}
A/Darwin/726/2019	EPI1658695	D:E50K	{}
NODE_0001475		D:E50K	{}
A/Yokohama/237/2019	EPI1669747	D:E50K	{'nuc': ['A90G'], 'HA1': ['S9G']}
NODE_0001476		D:E50K	{}
A/Kuwait/5141/2019	EPI1719377	D:E50K	{}
A/Philippines/1372/2019	EPI1649375	D:E50K	{}
NODE_0001477		D:E50K	{}
A/Delaware/39/2019	EPI1487239	D:E50K	{'nuc': ['G1127A']}
NODE_0001478		D:E50K	{}
NODE_0001479		D:E50K	{}
A/Yunnan-Wenshan/1424/2020	EPI1799938	D:E50K	{'nuc': ['T227G', 'G632A', 'C1172T'], 'HA1': ['S54R']}
NODE_0000387		D:E50K	{'nuc': ['C257T', 'T302C', 'A536G', 'A994G', 'T1004C', 'A1100C', 'C1654T'], 'HA1': ['K310R'], 'HA2': ['A201V']}
A/Zambia/700159/2021	EPI2067354	D:E50K	{'nuc': ['T65C', 'G578T', 'A779G', 'A986G', 'G1424A', 'A1502C'], 'HA1': ['K171N']}
NODE_0000388		D:E50K	{'nuc': ['G847A'], 'HA1': ['R261Q']}
A/Kenya/143/2021	EPI1940946	D:E50K	{'nuc': ['T42C', 'A206C', 'G281A', 'T484G', 'C977A', 'G1574A'], 'HA1': ['I140R'], 'SigPep': ['Y9H']}
A/Zambia/305/2021	EPI2003196	D:E50K	{'nuc': ['G222A'], 'HA1': ['D53N']}
NODE_0000392		D:E50K-S144N	{'nuc': ['G496A'], 'HA1': ['S144N']}
NODE_0000393		D:E50K-S144N	{'nuc': ['A1274G', 'G1589A']}
A/Pennsylvania/1026/2019-egg	EPI1743954	D:E50K-S144N	{'nuc': ['C544A', 'G622T', 'C721A'], 'HA1': ['T160K', 'G186V', 'S219Y']}
NODE_0001484		D:E50K-S144N	{}
A/Pennsylvania/1026/2019	EPI1631152	D:E50K-S144N	{}
A/Pennsylvania/1033/2019	EPI1651689	D:E50K-S144N	{}
NODE_0001485		D:E50K-S144N	{}
NODE_0001486		D:E50K-S144N	{}
A/Bangladesh/18-1012/2019	EPI1649582	D:E50K-S144N	{}
A/Wisconsin/52/2020	EPI1725811	D:E50K-S144N	{'nuc': ['A698G', 'A1185G', 'T1637C'], 'HA2': ['I45V']}
NODE_0001487		D:E50K-S144N	{}
A/Nepal/20FL1005/2020	EPI1905821	D:E50K-S144N	{'nuc': ['T51C', 'G137A', 'T230C'], 'SigPep': ['C12R']}
A/SouthAuckland/2/2020	EPI1883355	D:E50K-S144N	{'nuc': ['G101A', 'T245C', 'G337A', 'A496C', 'A881C', 'T1049C', 'A1145G', 'C1364T'], 'HA1': ['S91N', 'N144T']}
NODE_0001480		B.1.2.1:T128A	{}
NODE_0000345		B.1.2.1:D53N-T128A	{'nuc': ['G222A'], 'HA1': ['D53N']}
NODE_0000346		B.1.2.1:D53N-T128A	{'nuc': ['G101A', 'G137A']}
A/Bangladesh/155/2018	EPI1314440	B.1.2.1:D53N-T128A	{'nuc': ['T643C', 'C1172T'], 'HA1': ['F193S']}
A/Bhutan/742/2018	EPI1323064	B.1.2.1:D53N-T128A	{'nuc': ['A665G']}
NODE_0001373		B.1.2.1:D53N-T128A	{}
A/India/534/2019	EPI1591534	B.1.2.1:D53N-T128A	{'nuc': ['G995A', 'C1337T']}
NODE_0001374		B.1.2.1:D53N-T128A	{}
A/Ireland/81183/2018	EPI1345998	B.1.2.1:D53N-T128A	{'nuc': ['G281A', 'T362C', 'T680A', 'T701A', 'C758T', 'G847A', 'C1289T'], 'HA1': ['R261Q']}
NODE_0000347		B.1.2.1:D53N-T128A	{'nuc': ['T706C', 'C761T', 'T1049C'], 'HA1': ['I214T']}
A/SriLanka/45/2018	EPI1359629	B.1.2.1:D53N-T128A	{'nuc': ['A495G'], 'HA1': ['S144G']}
A/SouthDakota/44/2018	EPI1318178	B.1.2.1:D53N-T128A	{'nuc': ['C617T']}
NODE_0001489		B.1.2.1:D53N-T128A	{}
A/SriLanka/62/2018	EPI1359596	B.1.2.1:D53N-T128A	{'nuc': ['A1553G']}
NODE_0000348		B.1.2.1:D53N-T128A	{'nuc': ['G1269A'], 'HA2': ['V73I']}
A/SriLanka/55/2018	EPI1359638	B.1.2.1:D53N-T128A	{'nuc': ['C338T']}
A/Nonthaburi/329/2018	EPI1368259	B.1.2.1:D53N-T128A	{}
NODE_0001492		B.1.2.1:T128A	{}
NODE_0001382		B.1.2.1:T128A	{}
NODE_0000343		B.1.2.1:T128A	{'nuc': ['G1578A'], 'HA2': ['V176I']}
A/Verkh-Chebula/RII-2987S/2019	EPI1414586	B.1.2.1:T128A	{'nuc': ['A81G', 'G436A', 'A1226G'], 'HA1': ['N6D', 'S124N']}
NODE_0000344		B.1.2.1:T128A	{'nuc': ['T566C', 'T1076C', 'T1439C']}
A/Bolivia/237/2019	EPI1479644	B.1.2.1:T128A	{'nuc': ['C590T']}
A/Argentina/934/2019	EPI1586056	B.1.2.1:T128A	{'nuc': ['A710C', 'C1262T']}
NODE_0001385		B.1.2.1:T128A	{}
NODE_0001386		B.1.2.1:T128A	{}
A/Timor-Leste/24/2018	EPI1358969	B.1.2.1:T128A	{'nuc': ['G1340T', 'A1414G'], 'HA2': ['K121R']}
A/HongKong/1101/2018	EPI1266205	B.1.2.1:T128A	{'nuc': ['T643C', 'C1026A', 'C1493T', 'A1631G', 'C1654T'], 'HA1': ['F193S'], 'HA2': ['I193M', 'A201V']}
NODE_0001387		B.1.2.1:T128A	{}
NODE_0000342		B.1.2.1:T128A	{'nuc': ['A1278C']}
A/LaRioja/2202/2018	EPI1256086	B.1.2.1:T128A	{}
NODE_0001389		B.1.2.1:T128A	{}
A/Santiago/38093/2018	EPI1256414	B.1.2.1:T128A	{}
A/Maine/46/2018	EPI1348665	B.1.2.1:T128A	{'nuc': ['C901T'], 'HA1': ['S279F']}
NODE_0001390		B.1.2.1:T128A	{}
A/Stockholm/22/2018	EPI1326246	B.1.2.1:T128A	{'nuc': ['G56T', 'G337A', 'T521C'], 'HA1': ['S91N']}
NODE_0001391		B.1.2.1:T128A	{}
A/Nepal/19FL1496/2019	EPI1484994	B.1.2.1:T128A	{'nuc': ['A656G', 'G847A', 'T1112A'], 'HA1': ['R261Q']}
NODE_0000352		B.1.2.1:T128A	{'nuc': ['A416G', 'C716T', 'C977A']}
A/Concepcion/106858/2018	EPI1385996	B.1.2.1:T128A	{'nuc': ['G1281T', 'G1562A'], 'HA2': ['V77F']}
NODE_0001505		B.1.2.1:T128A	{}
NODE_0001506		B.1.2.1:T128A	{}
A/Ecuador/1246/2018	EPI1439598	B.1.2.1:T128A	{}
NODE_0001511		B.1.2.1:T128A	{}
A/Portugal/151/2019	EPI1371558	B.1.2.1:T128A	{'nuc': ['G137A', 'G1217A']}
NODE_0001523		B.1.2.1:T128A	{}
A/Thuringen/47/2019	EPI1436554	B.1.2.1:T128A	{'nuc': ['G578A', 'G782A', 'G847A'], 'HA1': ['R261Q']}
A/Ecuador/4472/2019	EPI1385811	B.1.2.1:T128A	{}
NODE_0001393		B.1.2.1:T128A	{}
A/Switzerland/9020/2018	EPI1355625	B.1.2.1:T128A	{}
NODE_0001394		B.1.2.1:T128A	{}
A/Moldova/903/2018	EPI1371692	B.1.2.1:T128A	{}
NODE_0001395		B.1.2.1:T128A	{}
A/Peru/3819/2019	EPI1597351	B.1.2.1:T128A	{'nuc': ['T1460C']}
A/Colombia/4140/2019	EPI1486141	B.1.2.1:T128A	{'nuc': ['C152T', 'C836T', 'T1004A']}
NODE_0001527		B.1.2.1:T128A	{}
NODE_0000341		B.1.2.1:T128A	{'nuc': ['A467G']}
A/Niger/6159/2018	EPI1372484	B.1.2.1:T128A	{'nuc': ['T706C', 'C959T', 'C983T', 'A1286G', 'A1427G', 'T1551C'], 'HA1': ['I214T']}
A/NorthCarolina/36/2018	EPI1228001	B.1.2.1:T128A	{'nuc': ['C533T', 'T989C', 'C1529T', 'A1700G']}
NODE_0001529		B.1.2.1:T128A	{}
NODE_0000340		B.1.2.1:T128A	{'nuc': ['A704G', 'C1529T']}
A/AbuDhabi/240/2018	EPI1245538	B.1.2.1:T128A	{}
A/AbuDhabi/240/2018-egg	EPI1326007	B.1.2.1:T128A	{'nuc': ['C544A', 'G622T', 'C721A'], 'HA1': ['T160K', 'G186V', 'S219Y']}
NODE_0000353		B.1.2.1:T128A-S198P	{'nuc': ['T657C'], 'HA1': ['S198P']}
A/Parma/180/2018	EPI1393032	B.1.2.1:T128A-S198P	{'nuc': ['A24G', 'G290A', 'C716A', 'A1100G'], 'SigPep': ['T3A']}
NODE_0000354		B.1.2.1:T128A-S198P	{'nuc': ['A1454G']}
NODE_0001398		B.1.2.1:T128A-S198P	{}
A/Togo/299/2019	EPI1486690	B.1.2.1:T128A-S198P	{'nuc': ['G371A', 'T980C', 'G1073A', 'A1539C']}
A/Switzerland/9067/2019	EPI1385199	B.1.2.1:T128A-S198P	{'nuc': ['T53C', 'C273T', 'C344T']}
NODE_0000355		B.1.2.1:T128A-S198P	{'nuc': ['A491T']}
NODE_0001400		B.1.2.1:T128A-S198P	{}
NODE_0000356		B.1.2.1:T128A-S198P	{'nuc': ['G222A', 'G962A'], 'HA1': ['D53N']}
A/Trnava/70/2019	EPI1543184	B.1.2.1:T128A-S198P	{'nuc': ['A165G'], 'HA1': ['I34V']}
A/Moscow/220/2018	EPI1372183	B.1.2.1:T128A-S198P	{'nuc': ['A1280G']}
NODE_0001402		B.1.2.1:T128A-S198P	{}
NODE_0000357		B.1.2.1:T128A-S198P	{'nuc': ['A705G', 'A776G'], 'HA1': ['I214V']}
A/Togo/717/2019	EPI1603679	B.1.2.1:T128A-S198P	{'nuc': ['G163A', 'G222A', 'C382T', 'A785G'], 'HA1': ['R33Q', 'D53N', 'A106V']}
A/BurkinaFaso/1449/2019	EPI1442575	B.1.2.1:T128A-S198P	{}
NODE_0001404		B.1.2.1:T128A-S198P	{}
A/Rennes/2648/2019	EPI1638989	B.1.2.1:T128A-S198P	{'nuc': ['T713C', 'G847A', 'A863T'], 'HA1': ['R261Q']}
NODE_0001405		B.1.2.1:T128A-S198P	{}
A/Kenya/130/2019	EPI1603687	B.1.2.1:T128A-S198P	{'nuc': ['A248G', 'C413T', 'C464T']}
A/Mozambique/243/2019	EPI1495799	B.1.2.1:T128A-S198P	{}
NODE_0000358		B.1.2.1:T128A-S198P	{'nuc': ['G188A', 'G1574A']}
NODE_0001542		B.1.2.1:T128A-S198P	{}
A/Serbia/584/2019	EPI1619538	B.1.2.1:T128A-S198P	{'nuc': ['C544A', 'C839T', 'C908T', 'A1331T', 'A1420G'], 'HA1': ['T160K'], 'HA2': ['K123R']}
NODE_0001407		B.1.2.1:T128A-S198P	{}
A/Nakhonphanom/2883/2018	EPI1368275	B.1.2.1:T128A-S198P	{}
NODE_0000359		B.1.2.1:T128A-S198P	{'nuc': ['C658A', 'A712G', 'T740C', 'A857G', 'A1214G'], 'HA1': ['P198Q', 'N216S']}
A/StPetersburg/RII-322/2019	EPI1545194	B.1.2.1:T128A-S198P	{'nuc': ['C911T']}
A/Sakha/3014V/2019	EPI1583864	B.1.2.1:T128A-S198P	{'nuc': ['A43T', 'T46C', 'G1235A'], 'SigPep': ['Y9F', 'I10T']}
NODE_0001409		B.1.2.1:T128A-S198P	{}
A/Lebanon/231/2019	EPI1410294	B.1.2.1:T128A-S198P	{'nuc': ['T556A', 'C617T', 'T824C', 'G975A', 'C1187T'], 'HA1': ['L164Q', 'A304T']}
NODE_0001410		B.1.2.1:T128A-S198P	{}
A/Togo/634/2019	EPI1603502	B.1.2.1:T128A-S198P	{'nuc': ['A452G']}
NODE_0000360		B.1.2.1:T128A-S198P	{'nuc': ['G477T', 'C560T', 'T643C'], 'HA1': ['A138S', 'F193S']}
NODE_0001412		B.1.2.1:T128A-S198P	{}
A/Mali/361/2019	EPI1704888	B.1.2.1:T128A-S198P	{'nuc': ['G104T', 'C644A', 'G854A']}
A/Nigeria/4117/2019	EPI1737826	B.1.2.1:T128A-S198P	{'nuc': ['T878C']}
NODE_0000361		B.1.2.1.1	{'nuc': ['G281A', 'T611C', 'G622A', 'G633A'], 'HA1': ['G186D', 'D190N']}
A/Portugal/6/2019	EPI1689572	B.1.2.1.1	{'nuc': ['C788T']}
NODE_0000363		B.1.2.1.1	{'nuc': ['G609A'], 'HA1': ['V182I']}
A/Yokohama/291/2019	EPI1708180	B.1.2.1.1	{'nuc': ['G63A', 'T73C', 'C932T'], 'HA1': ['I3T'], 'SigPep': ['A16T']}
A/Mali/86/2020	EPI2878802	B.1.2.1.1	{'nuc': ['T58C', 'A314G', 'A639T', 'C743T', 'G847A', 'G990A', 'C1289T'], 'HA1': ['I192F', 'R261Q', 'V309I'], 'SigPep': ['V14A']}
NODE_0001415		B.1.2.1.1	{}
A/Niger/7228/2019	EPI1651973	B.1.2.1.1	{'nuc': ['G1127A']}
NODE_0001416		B.1.2.1.1	{}
NODE_0001417		B.1.2.1.1	{}
A/Togo/1973/2019	EPI1757877	B.1.2.1.1	{}
A/Togo/230/2020	EPI1801261	B.1.2.1.1	{'nuc': ['C353A', 'G527A', 'G1433A'], 'HA1': ['N96K']}
NODE_0001418		B.1.2.1.1	{}
NODE_0001419		B.1.2.1.1	{}
A/Zahle/358/2020	EPI1763818	B.1.2.1.1	{'nuc': ['A376G', 'A1223G'], 'HA1': ['D104G']}
A/Santiago/26038/2020	EPI1765583	B.1.2.1.1	{'nuc': ['C544T', 'A576G', 'G626A', 'A674T', 'A1052G'], 'HA1': ['T160I', 'K171E']}
NODE_0001420		B.1.2.1.1	{}
A/Niger/7346/2019	EPI1651903	B.1.2.1.1	{'nuc': ['C533T']}
NODE_0001421		B.1.2.1.1	{}
NODE_0001422		B.1.2.1.1	{}
A/Perth/20/2020	EPI1799111	B.1.2.1.1	{'nuc': ['A698C', 'T1551C'], 'HA1': ['Q211H']}
A/Ireland/95061/2019	EPI1655587	B.1.2.1.1	{'nuc': ['T400C'], 'HA1': ['V112A']}
NODE_0000364		B.1.2.1.1	{'nuc': ['C544A', 'C721A'], 'HA1': ['T160K', 'S219Y']}
A/Stavropol/10/2020	EPI1749462	B.1.2.1.1	{'nuc': ['G453A', 'G1589A'], 'HA1': ['V130I']}
A/Perth/20/2020-egg	EPI1799840	B.1.2.1.1	{'nuc': ['T1551C']}
NODE_0001424		B.1.2.1.1	{}
NODE_0001425		B.1.2.1.1	{}
NODE_0001426		B.1.2.1.1	{}
A/NewYork/21/2020	EPI1702786	B.1.2.1.1	{}
A/Yokohama/68/2020	EPI1799252	B.1.2.1.1	{'nuc': ['G557A']}
NODE_0001427		B.1.2.1.1	{}
A/Mali/20046/2020	EPI1839610	B.1.2.1.1	{}
NODE_0001428		B.1.2.1.1	{}
A/Philippines/1/2021	EPI1888048	B.1.2.1.1	{'nuc': ['G57A', 'A80G', 'G213A', 'T300C', 'T476G', 'A753G', 'A789G', 'C1055A', 'T1292C', 'C1591T'], 'HA1': ['E50K', 'F79L', 'I230V', 'I242V'], 'HA2': ['S180L'], 'SigPep': ['V14I']}
NODE_0000365		B.1.2.1.1	{'nuc': ['A45T', 'C506T', 'T623C', 'C679T', 'T746C'], 'HA1': ['S205F'], 'SigPep': ['I10F']}
A/Ethiopia/1055/2021	EPI1969631	B.1.2.1.1	{'nuc': ['T110G', 'T500C', 'G1562A', 'C1610T']}
A/Ethiopia/4004/2021	EPI1969492	B.1.2.1.1	{}
NODE_0000366		B.1.2.1.1	{'nuc': ['A639T'], 'HA1': ['I192F']}
NODE_0001567		B.1.2.1.1	{}
A/Mali/20051/2020	EPI1839698	B.1.2.1.1	{}
NODE_0000367		B.1.2.1.1	{'nuc': ['G226A'], 'HA1': ['S54N']}
A/Mali/20060/2020	EPI1839618	B.1.2.1.1	{}
A/Togo/771/2020	EPI1842251	B.1.2.1.1	{'nuc': ['G1430A', 'A1517G']}
NODE_0001432		B.1.2.1.1	{}
NODE_0000369		B.1.2.1.1	{'nuc': ['T185C', 'A905G', 'G1650A'], 'HA2': ['V200I']}
A/Nigeria/5059/2020	EPI1851907	B.1.2.1.1	{'nuc': ['T1641G'], 'HA2': ['L197V']}
NODE_0000370		B.1.2.1.1	{'nuc': ['C455A', 'C457T', 'A685G', 'C1559T'], 'HA1': ['T131I', 'K207R']}
A/Niger/8749/2021	EPI1853354	B.1.2.1.1	{}
NODE_0000371		B.1.2.1.1	{'nuc': ['T1523C']}
A/Niger/8635/2020	EPI1853510	B.1.2.1.1	{}
A/Togo/1246/2021	EPI2003556	B.1.2.1.1	{'nuc': ['A237G', 'G1073A', 'G1658A', 'G1717A'], 'HA1': ['I58V']}
NODE_0001436		B.1.2.1.1	{}
A/Togo/237/2021	EPI1877182	B.1.2.1.1	{'nuc': ['A6C', 'T722C', 'A785G', 'A923G', 'C1220T', 'T1709C']}
NODE_0000368		B.1.2.1.1	{'nuc': ['C457A', 'G899A', 'T1190C'], 'HA1': ['T131N']}
A/Uganda/7/2021	EPI2110446	B.1.2.1.1	{'nuc': ['G974A', 'C1565T']}
NODE_0001438		B.1.2.1.1	{}
A/Zambia/172/2021	EPI2003265	B.1.2.1.1	{'nuc': ['C9T', 'G79A', 'T534A', 'T1076G'], 'HA1': ['G5E', 'L157I']}
NODE_0001439		B.1.2.1.1	{}
A/Sydney/8/2021	EPI1957299	B.1.2.1.1	{'nuc': ['T326C', 'T458A', 'A1600C'], 'HA1': ['N131K'], 'HA2': ['K183T']}
A/Uganda/210/2022	EPI2369707	B.1.2.1.1	{'nuc': ['A332G', 'A336C', 'T484G', 'T794C', 'T992C'], 'HA1': ['S91R', 'I140R']}
NODE_0001488		B.1:K92R-G142R-H311Q	{}
A/Zambia/4-381/2018	EPI1506641	B.1:K92R-G142R-H311Q	{'nuc': ['C54T', 'T362C', 'G737A', 'A881C', 'T953C', 'C1289T', 'G1568A']}
NODE_0000394		E	{'nuc': ['C457A', 'T458A', 'T1379C', 'G1650A'], 'HA1': ['T131K'], 'HA2': ['V200I']}
NODE_0000395		E	{'nuc': ['A998G', 'G1104A'], 'HA2': ['V18M']}
NODE_0001491		E	{}
NODE_0000396		E	{'nuc': ['A695G', 'G1202A', 'C1571T']}
A/Vietnam/241/2018	EPI1342914	E	{'nuc': ['C475T'], 'HA1': ['S137F']}
A/Vietnam/237/2018	EPI1342856	E	{}
NODE_0000398		E	{'nuc': ['C1654T'], 'HA2': ['A201V']}
NODE_0000399		E	{'nuc': ['T746C']}
A/Zhejiang-NH/1843/2019	EPI3720947	E	{'nuc': ['G63T', 'G1127A'], 'SigPep': ['A16S']}
A/Zhejiang-Haishu/1980/2019	EPI1542708	E	{'nuc': ['A1592T']}
NODE_0000400		E	{'nuc': ['T706C'], 'HA1': ['I214T']}
A/Cambodia/e0512384/2020	EPI1797839	E	{'nuc': ['C203T', 'C221T', 'C239T', 'A260G', 'C284T', 'C448A', 'G632A', 'T643C', 'C1229T', 'G1281A', 'A1555G'], 'HA1': ['T128N', 'F193S'], 'HA2': ['V77I', 'N168S']}
A/Bayern/49/2018	EPI1345956	E	{'nuc': ['A21G', 'G436A'], 'HA1': ['S124N'], 'SigPep': ['K2E']}
NODE_0001496		E	{}
NODE_0001497		E	{}
A/Victoria/753/2018	EPI1346071	E	{}
NODE_0001498		E	{}
A/Newcastle/82/2018	EPI1595444	E	{'nuc': ['A1718G', 'A1723T', 'A1731G', 'C1737T']}
NODE_0001499		E	{}
A/AbuDhabi/54/2019	EPI1586128	E	{'nuc': ['C555T', 'C716T']}
NODE_0000397		E	{'nuc': ['G143A', 'T176C', 'G188A', 'G1595A']}
A/Zhejiang-NH/1708/2019	EPI3720931	E	{'nuc': ['A468G'], 'HA1': ['T135A']}
A/Vologda/RII-1090S/2020	EPI1673151	E	{'nuc': ['C749T', 'T1004C']}
NODE_0001501		E	{}
A/Iowa/60/2018	EPI1319961	E	{'nuc': ['A950G']}
NODE_0000401		E:S219F	{'nuc': ['C721T'], 'HA1': ['S219F']}
NODE_0001503		E:S219F	{}
A/Zhejiang-Nanhu/1108/2019	EPI1380781	E:S219F	{'nuc': ['A306G', 'G563A', 'G1501A'], 'HA1': ['N81D'], 'HA2': ['G150E']}
NODE_0001504		E:S219F	{}
NODE_0000402		E:S219F	{'nuc': ['C938T']}
A/Sizyabsk/RII-4261S/2019	EPI1490017	E:S219F	{}
A/Yokosuka/17/2019	EPI1484978	E:S219F	{'nuc': ['C544A', 'A1469G'], 'HA1': ['T160K']}
NODE_0000403		E:S219F	{'nuc': ['G371A']}
A/SouthAustralia/34/2019	EPI1607117	E:S219F	{'nuc': ['T1250A']}
NODE_0001507		E:S219F	{}
NODE_0001508		E:S219F	{}
A/Tokyo/19063/2019	EPI1520138	E:S219F	{}
A/CzechRepublic/1454/2019	EPI1635970	E:S219F	{'nuc': ['T794C', 'A963G', 'G1202A'], 'HA1': ['I300V']}
NODE_0001509		E:S219F	{}
A/StPetersburg/RII-300/2019	EPI1545155	E:S219F	{'nuc': ['T42A', 'C413T', 'T795C', 'C1220T', 'A1577G'], 'SigPep': ['Y9N']}
A/Martinique/481/2019	EPI1508063	E:S219F	{'nuc': ['C716T', 'G1007A']}
NODE_0001510		E:S219F	{}
A/Okinawa/74/2019	EPI1605042	E:S219F	{'nuc': ['G297A', 'A485G', 'G1583A'], 'HA1': ['G78S', 'I140M']}
NODE_0000404		E.2	{'nuc': ['A655G', 'A1516G'], 'HA1': ['Q197R'], 'HA2': ['E155G']}
NODE_0001606		E.2	{}
NODE_0001608		E.2	{}
A/Yokohama/80/2019	EPI1389875	E.2	{'nuc': ['G1343A']}
A/Malta/516156/2019	EPI1394096	E.2	{'nuc': ['A157G', 'A1181G'], 'HA1': ['N31S']}
NODE_0001609		E.2	{}
A/Yokosuka/57/2018	EPI1608315	E.2	{'nuc': ['C901T'], 'HA1': ['S279F']}
NODE_0001512		E.2	{}
NODE_0001513		E.2	{}
A/ChiangRai/197/2019	EPI1573902	E.2	{'nuc': ['A659T']}
NODE_0001514		E.2	{}
A/Victoria/909/2019	EPI1415450	E.2	{'nuc': ['A638G']}
NODE_0001515		E.2	{}
A/Italy/9876/2019	EPI1654171	E.2	{'nuc': ['A491G', 'A719G', 'A798G', 'A968C'], 'HA1': ['I245V']}
A/MinasGerais/12710/2020	EPI1806237	E.2	{'nuc': ['T4C', 'T176G', 'T300C', 'T500C', 'A545T', 'T989C'], 'HA1': ['F79L']}
NODE_0001516		E.2	{}
NODE_0001517		E.2	{}
A/Victoria/2703/2019	EPI1671456	E.2	{'nuc': ['T89C', 'C203A', 'A518G', 'C882A', 'C1262T'], 'HA1': ['P273T']}
A/Yokohama/132/2019	EPI1443556	E.2	{}
NODE_0001518		E.2	{}
A/Swansea/7185/2019	EPI1388828	E.2	{}
NODE_0001519		E.2	{}
A/Montana/18/2019	EPI1438311	E.2	{}
NODE_0001520		E.2	{}
A/Nakhonphanom/498/2019	EPI1573862	E.2	{'nuc': ['C382T', 'G1127A'], 'HA1': ['A106V']}
NODE_0001521		E.2	{}
NODE_0001522		E.2	{}
A/Saitama/176/2019	EPI1640404	E.2	{'nuc': ['G38A', 'G998A', 'C1355A']}
A/Yokohama/158/2019	EPI1494548	E.2	{'nuc': ['C396T']}
NODE_0000405		E.2	{'nuc': ['A80G']}
A/Wellington/8/2019	EPI1444358	E.2	{}
NODE_0001524		E.2	{}
A/Wellington/27/2019	EPI1583982	E.2	{}
A/Christchurch/515/2019-egg	EPI1588456	E.2	{'nuc': ['T646C'], 'HA1': ['L194P']}
NODE_0000406		E.2:K207R	{'nuc': ['A685G'], 'HA1': ['K207R']}
A/VinaDelMar/82289/2019	EPI1656878	E.2:K207R	{'nuc': ['G213A', 'C383T', 'G1073A'], 'HA1': ['E50K']}
NODE_0000412		E.2:K207R	{'nuc': ['G1127A']}
A/Wisconsin/554/2019	EPI1496223	E.2:K207R	{'nuc': ['G137A', 'T1112C']}
NODE_0000413		E.2:K207R	{'nuc': ['G57A', 'A1028G', 'A1280G'], 'SigPep': ['V14I']}
A/Tokyo/19139/2019	EPI1596914	E.2:K207R	{'nuc': ['G278A']}
NODE_0001528		E.2:K207R	{}
NODE_0000415		E.2:K207R	{'nuc': ['G1208T']}
A/Victoria/223/2019	EPI1584570	E.2:K207R	{'nuc': ['G1142A']}
A/Abudhabi/67/2019	EPI1636446	E.2:K207R	{'nuc': ['C1323A'], 'HA2': ['L91I']}
NODE_0001530		E.2:K207R	{}
A/Wisconsin/3/2020	EPI1683450	E.2:K207R	{'nuc': ['C131T', 'T182C', 'G222A', 'G371A'], 'HA1': ['D53N']}
NODE_0000414		E.2:K207R	{'nuc': ['G137A', 'C635T']}
A/Victoria/2859/2019	EPI1658623	E.2:K207R	{'nuc': ['G374A', 'G1142A', 'G1578A'], 'HA2': ['V176I']}
A/Bulgaria/989/2020	EPI1735312	E.2:K207R	{'nuc': ['C234A'], 'HA1': ['Q57K']}
NODE_0001532		E.2:K207R	{}
NODE_0001533		E.2:K207R	{}
A/Usk/3850/2019	EPI1446892	E.2:K207R	{}
NODE_0000410		E.2:K207R	{'nuc': ['T1112C']}
NODE_0001535		E.2:K207R	{}
A/Wisconsin/557/2019	EPI1548503	E.2:K207R	{'nuc': ['A346G'], 'HA1': ['Y94C']}
A/Santiago/4891/2020	EPI1765568	E.2:K207R	{'nuc': ['G578A', 'A662G', 'T902C', 'A1650G'], 'HA2': ['I200V']}
NODE_0001536		E.2:K207R	{}
NODE_0001537		E.2:K207R	{}
A/Iceland/84/2019	EPI1670796	E.2:K207R	{'nuc': ['A314G', 'C344A', 'A1034G']}
A/Victoria/97/2019	EPI1669947	E.2:K207R	{'nuc': ['G1516A'], 'HA2': ['G155E']}
NODE_0000411		E.2:K207R	{'nuc': ['G1217A']}
A/NorthDakota/34/2019	EPI1619132	E.2:K207R	{'nuc': ['G101A', 'A968T']}
A/Michigan/450/2019	EPI1609206	E.2:K207R	{'nuc': ['T300C', 'A332G'], 'HA1': ['F79L']}
NODE_0001539		E.2:K207R	{}
NODE_0000407		E.2:K207R	{'nuc': ['C161T']}
A/Hawaii/42/2019	EPI1486401	E.2:K207R	{'nuc': ['T914C']}
A/Netherlands/1357/2019	EPI1520165	E.2:K207R	{'nuc': ['C116T', 'G250A', 'G297A', 'G620A', 'G717A', 'A912G', 'G1595A'], 'HA1': ['G62E', 'G78S', 'T283A']}
NODE_0001541		E.2:K207R	{}
NODE_0000408		E.2:K207R	{'nuc': ['G222A', 'A1145G', 'G1583A'], 'HA1': ['D53N']}
A/Lao/2461/2019	EPI1669120	E.2:K207R	{'nuc': ['G290A', 'G647A', 'G1340A']}
A/Yasothon/384/2019	EPI1683374	E.2:K207R	{}
NODE_0001543		E.2:K207R	{}
A/Usk/3851/2019	EPI1446895	E.2:K207R	{}
NODE_0001544		E.2:K207R	{}
A/HongKong/3055/2019	EPI1586160	E.2:K207R	{'nuc': ['G1202A']}
NODE_0000409		E.2:K207R	{'nuc': ['A209G', 'T473C', 'T706C', 'A923G'], 'HA1': ['I48M', 'I214T']}
A/Switzerland/8127/2019	EPI1674648	E.2:K207R	{'nuc': ['T1112C']}
A/Switzerland/7204/2020	EPI1674828	E.2:K207R	{}
NODE_0000416		E	{'nuc': ['T74C', 'T479G', 'A944G', 'T1049C']}
A/Finland/972/2018	EPI1331976	E	{'nuc': ['A468G', 'C836T', 'G1208A'], 'HA1': ['T135A']}
NODE_0000417		E	{'nuc': ['G56T']}
A/Maldives/925/2018	EPI1317870	E	{'nuc': ['A468G'], 'HA1': ['T135A']}
NODE_0000418		E	{}
NODE_0001648		E	{}
A/SriLanka/2/2019	EPI1359602	E	{'nuc': ['A69G', 'T509C', 'A515G', 'C1220A'], 'HA1': ['K2E']}
A/Maldives/810/2018	EPI1320906	E	{'nuc': ['G311T'], 'HA1': ['K82N']}
NODE_0000419		E:K83E	{'nuc': ['A312G'], 'HA1': ['K83E']}
NODE_0000420		E:K83E	{'nuc': ['T1385A']}
A/Kuwait/6435/2018	EPI1356907	E:K83E	{'nuc': ['T167A', 'G249A', 'T516C'], 'HA1': ['G62R']}
A/CoteDIvoire/650/2019	EPI1497193	E:K83E	{'nuc': ['A14G', 'T800C', 'G944A', 'A1184T', 'G1205A']}
NODE_0001651		E:K83E	{}
NODE_0000421		E:K83E	{'nuc': ['G222A'], 'HA1': ['D53N']}
A/Slovenia/940/2019	EPI1483914	E:K83E	{'nuc': ['T26A', 'A893C'], 'HA1': ['K276N']}
A/Denmark/1843/2018	EPI1354431	E:K83E	{'nuc': ['T500C', 'C1379T', 'C1404T']}
NODE_0001552		E:K83E	{}
A/Pakistan/1213/2019	EPI1439264	E:K83E	{'nuc': ['G479A', 'C1682T']}
NODE_0001553		E:K83E	{}
A/Athens/1430/2018	EPI1327523	E:K83E	{'nuc': ['G1104A'], 'HA2': ['V18M']}
NODE_0001554		E:K83E	{}
A/Oman/4262/2019	EPI1583922	E:K83E	{}
NODE_0001555		E:K83E	{}
A/Moldova/147/2019	EPI1371513	E:K83E	{'nuc': ['C890A']}
NODE_0000422		E.1	{'nuc': ['T345A', 'T1004C', 'A1631G'], 'HA1': ['Y94N'], 'HA2': ['I193M']}
NODE_0000423		E.1	{'nuc': ['C94T'], 'HA1': ['T10M']}
A/Qatar/16-VI-19-0049409/2019	EPI1619516	E.1	{'nuc': ['G210A', 'T643C'], 'HA1': ['G49S', 'F193S']}
NODE_0001558		E.1	{}
A/Victoria/2855/2019	EPI1647820	E.1	{'nuc': ['G137A', 'G1040T'], 'HA1': ['E325D']}
NODE_0001559		E.1	{}
A/Abudhabi/59/2019	EPI1636390	E.1	{}
A/Christchurch/502/2020	EPI1800961	E.1	{}
NODE_0000424		E.1	{'nuc': ['C506T']}
NODE_0001561		E.1	{}
NODE_0000425		E.1	{'nuc': ['G399A', 'T653C', 'C1118T'], 'HA1': ['V112I']}
A/Yokohama/168/2019	EPI1702586	E.1	{'nuc': ['G1275A'], 'HA2': ['G75R']}
A/Michigan/437/2019	EPI1606028	E.1	{'nuc': ['T643C', 'G782T', 'T1450C'], 'HA1': ['F193S'], 'HA2': ['M133T']}
NODE_0001563		E.1	{}
NODE_0001564		E.1	{}
A/Stockholm/27/2019	EPI1591245	E.1	{'nuc': ['T26C']}
NODE_0000426		E.1	{'nuc': ['T706C'], 'HA1': ['I214T']}
A/Singapore/TT0043/2020	EPI1750810	E.1	{'nuc': ['T36C', 'G479T', 'C533T']}
A/Bahrain/835/2019	EPI1696676	E.1	{'nuc': ['T722C']}
NODE_0001566		E.1	{}
NODE_0000428		E.1	{'nuc': ['G1217A']}
A/Bhutan/162/2019	EPI1636510	E.1	{'nuc': ['G797A']}
A/Bhutan/885/2019	EPI1636575	E.1	{}
NODE_0001568		E.1	{}
A/SriLanka/55/2019	EPI1721436	E.1	{'nuc': ['C544A', 'T594C'], 'HA1': ['T160K']}
A/SriLanka/65/2020	EPI1838624	E.1	{'nuc': ['G250A', 'T566C', 'C816T'], 'HA1': ['G62E']}
NODE_0001569		E.1	{}
A/AbuDhabi/85/2019	EPI1662116	E.1	{'nuc': ['C320T', 'A346G', 'T521C', 'C971T', 'G1445A'], 'HA1': ['N94S']}
NODE_0001570		E.1	{}
A/Anantnag/AG_159/2019	EPI1696367	E.1	{'nuc': ['A43G', 'A1028G'], 'SigPep': ['Y9C']}
NODE_0001571		E.1	{}
A/Yokohama/187/2019	EPI1610287	E.1	{'nuc': ['G210A', 'C788T', 'C1388T'], 'HA1': ['G49S']}
NODE_0001572		E.1	{}
A/Fujian-Xinluo/1684/2020	EPI1799932	E.1	{'nuc': ['C539A', 'G667A', 'A818G', 'G1406A', 'A1472T', 'A1650G'], 'HA1': ['N158K', 'R201K'], 'HA2': ['I200V']}
NODE_0000427		E.1	{'nuc': ['A164G', 'T1121G', 'C1187T']}
A/Philippines/25/2020	EPI1795437	E.1	{}
A/Iceland/24506/2019	EPI1670540	E.1	{'nuc': ['C1622T']}
NODE_0001677		E.1	{}
A/India/Del-IGSQ725/2019	EPI3930505	E.1	{'nuc': ['C254T', 'G1501A', 'G1574A'], 'HA2': ['G150E']}
NODE_0000429		E.1	{'nuc': ['T643C', 'A649T', 'T1091A'], 'HA1': ['F193S', 'Y195F']}
NODE_0000430		E.1	{'nuc': ['G621A', 'T657C', 'T992C', 'G1340T'], 'HA1': ['G186S', 'S198P']}
NODE_0001576		E.1	{}
NODE_0001577		E.1	{}
A/Tasmania/503/2020-egg	EPI1881249	E.1	{'nuc': ['C544A', 'C612T', 'A739G', 'G1574A'], 'HA1': ['T160K', 'H183Y', 'D225G']}
A/Tasmania/503/2020	EPI1799103	E.1	{}
NODE_0001578		E.1	{}
A/Miyagi/2/2021	EPI1882472	E.1	{'nuc': ['G23A', 'T484G', 'G812A', 'T1448C'], 'HA1': ['I140R']}
NODE_0000431		E.1	{'nuc': ['T276C', 'A1316G']}
A/TimorLeste/2/2020	EPI1814614	E.1	{}
NODE_0000432		E.1	{'nuc': ['A199C', 'G278A', 'T653C', 'A941G', 'C1289T'], 'HA1': ['N45T']}
A/TimorLeste/43/2021	EPI1883364	E.1	{}
NODE_0000433		E.1	{'nuc': ['T212A']}
A/Darwin/2/2021	EPI1851819	E.1	{}
A/TimorLeste/8/2022	EPI2005177	E.1	{'nuc': ['G163A', 'C221T', 'A674C', 'G962A', 'A1271G', 'G1574A'], 'HA1': ['R33Q']}
NODE_0000434		F.1	{'nuc': ['G578T'], 'HA1': ['K171N']}
NODE_0001583		F.1	{}
NODE_0000435		F.1	{'nuc': ['C716A']}
A/Cambodia/e0826360/2020	EPI1843589	F.1	{}
NODE_0001585		F.1	{}
A/Thailand/5/2021	EPI1921840	F.1	{'nuc': ['T4C', 'A689G', 'C1712T']}
A/Cambodia/e0826360/2020-egg	EPI1848532	F.1	{'nuc': ['C544A', 'T623A'], 'HA1': ['T160K', 'S186R']}
NODE_0001586		F.1	{}
A/California/55/2020	EPI1838081	F.1	{'nuc': ['G79T', 'C92T', 'G1719A'], 'HA1': ['G5V']}
NODE_0001587		F.1	{}
A/Vietnam/Vnhcm-Gs520/2020	EPI1848000	F.1	{'nuc': ['G63A'], 'SigPep': ['A16T']}
NODE_0001588		F.1	{}
A/Cambodia/nC_106184/2020	EPI1837711	F.1	{'nuc': ['G374A', 'T503C']}
NODE_0001589		F.1	{}
A/Lao/1745/2020	EPI1840044	F.1	{}
NODE_0001590		F.1	{}
A/Lao/1421/2021	EPI1921728	F.1	{}
A/Lao/799/2021	EPI1861031	F.1	{'nuc': ['T89C', 'A1280T'], 'HA2': ['R76S']}
NODE_0000436		F.1	{'nuc': ['T46C', 'A986G'], 'SigPep': ['I10T']}
A/Lao/580/2021	EPI1861079	F.1	{'nuc': ['C29T', 'A1412G']}
NODE_0000437		F.1	{'nuc': ['T35C']}
A/Vietnam/Vnhcm-Gs653/2019	EPI1852253	F.1	{'nuc': ['G222T', 'A1403G'], 'HA1': ['D53Y']}
NODE_0001593		F.1	{}
A/Yamagata/2/2021	EPI1853983	F.1	{'nuc': ['G691A'], 'HA1': ['S209N']}
NODE_0000438		F.1.1	{'nuc': ['T208C', 'A314G', 'C404A', 'A491G', 'T509C', 'A518G', 'G854A', 'G1073T', 'T1313C', 'C1364T', 'C1584T'], 'HA1': ['I48T']}
A/Guangxi-Fangcheng/11111/2021	EPI2105529	F.1.1	{'nuc': ['C94T'], 'HA1': ['T10M']}
NODE_0001595		F.1.1	{}
A/Guangxi/7240/2021	EPI2105999	F.1.1	{}
NODE_0001596		F.1.1	{}
NODE_0000440		F.1.1	{'nuc': ['A305G', 'C1337T']}
NODE_0001598		F.1.1	{}
A/Zhejiang-Shangcheng/1915/2022	EPI2392194	F.1.1	{'nuc': ['G374T']}
A/Guangdong-Zhongshan/1443/2022	EPI2105618	F.1.1	{}
NODE_0000441		F.1.1	{'nuc': ['G1595A']}
A/Zhejiang-yongkang/1312/2022	EPI2105644	F.1.1	{}
NODE_0001600		F.1.1	{}
A/Zhejiang-Nanhu/11082/2022	EPI2298892	F.1.1	{'nuc': ['G120A', 'G1541A'], 'HA1': ['A19T']}
A/Zhejiang-Nanhu/11279/2022	EPI2392176	F.1.1	{'nuc': ['A467G', 'T578C', 'A731G', 'C749T', 'T1076G', 'G1353A', 'G1653A'], 'HA2': ['A101T', 'A201T']}
NODE_0001601		F.1.1	{}
A/Hunan-yanfeng/1305/2022	EPI2125587	F.1.1	{}
NODE_0001602		F.1.1	{}
A/Hainan-Baotinglizumiaozuzizhi/35/2022	EPI2105588	F.1.1	{}
NODE_0001603		F.1.1	{}
A/Zhejiang-Nanhu/1746/2022	EPI2150997	F.1.1	{'nuc': ['G944A', 'C1670T']}
NODE_0001604		F.1.1	{}
A/Zhejiang-Shangcheng/11000/2022	EPI2241888	F.1.1	{'nuc': ['C1667T']}
NODE_0001605		F.1.1	{}
A/Zhejiang-Suichang/31/2022	EPI2392200	F.1.1	{'nuc': ['G1269A'], 'HA2': ['V73I']}
A/Neimenggu-Wulanhaote/117/2023	EPI2506645	F.1.1	{'nuc': ['G250A', 'T377C', 'G1208A', 'C1262T', 'G1574A'], 'HA1': ['G62E']}
NODE_0000442		G	{'nuc': ['C74A', 'C203A', 'T540A', 'C544T', 'T556A', 'G622A', 'G633A', 'A1373G'], 'HA1': ['Y159N', 'T160I', 'L164Q', 'G186D', 'D190N']}
NODE_0001607		G	{}
NODE_0000443		G	{'nuc': ['G667T'], 'HA1': ['R201I']}
A/Nepal/20FL2312/2020	EPI1860004	G	{'nuc': ['G1142A']}
NODE_0000444		G	{'nuc': ['A452G', 'G479A', 'C1487T']}
A/Milan/1/2021	EPI1981071	G	{'nuc': ['G104A', 'A467G', 'C533A', 'A1502G'], 'HA1': ['H156Q']}
NODE_0000445		G	{'nuc': ['C1379T', 'A1454G']}
A/Michigan/173/2020	EPI1843859	G	{}
A/Michigan/173/2020-egg	EPI1922836	G	{'nuc': ['G621A', 'A739G'], 'HA1': ['D186N', 'D225G']}
NODE_0001611		G	{}
NODE_0001612		G	{}
A/Nepal/21FL0201/2021	EPI1860007	G	{'nuc': ['G1142A', 'C1493T']}
NODE_0000446		G	{'nuc': ['G249A', 'C533A', 'T660C', 'T1292A'], 'HA1': ['G62R', 'H156Q', 'S199P']}
NODE_0000447		G	{'nuc': ['A689G', 'T1215G'], 'HA2': ['L55V']}
A/AbuDhabi/2210332924/2021	EPI1885379	G	{}
A/AbuDhabi/2210622842/2021	EPI1885450	G	{}
NODE_0001615		G	{}
A/India/PUN-NIV290244/2021	EPI1916854	G	{'nuc': ['A341C', 'T953C'], 'HA1': ['R92S']}
NODE_0000448		G	{'nuc': ['G297A'], 'HA1': ['G78S']}
A/Wisconsin/2/2021	EPI1847800	G	{'nuc': ['A986G']}
A/Kenya/111/2021	EPI1881841	G	{'nuc': ['G1073A', 'T1121C']}
NODE_0000449		G.3	{'nuc': ['C679T', 'G699A'], 'HA1': ['S205F', 'A212T']}
NODE_0000450		G.3	{'nuc': ['A341G', 'G944A']}
A/Pennsylvania/1/2021	EPI1858654	G.3	{'nuc': ['A81G', 'C836T', 'G961A', 'G1424A'], 'HA1': ['N6D', 'R299K']}
NODE_0001619		G.3	{}
A/India/PUN-NIV312063/2021	EPI1916910	G.3	{'nuc': ['T746C']}
A/SouthAfrica/R07089/2022	EPI2159045	G.3	{'nuc': ['T8C', 'G137A', 'T245C', 'G626A', 'T1199C']}
NODE_0001620		G.3	{}
NODE_0000451		G.3	{'nuc': ['C1026A', 'G1562A']}
A/Minnesota/2/2021	EPI1887881	G.3	{'nuc': ['G222A', 'G1430A', 'G1586A'], 'HA1': ['D53N']}
NODE_0001622		G.3	{}
A/NewYork/2/2021	EPI1940308	G.3	{'nuc': ['A98G', 'C231T', 'T873A', 'C1212A', 'G1406A'], 'HA1': ['H56Y', 'S270T']}
A/AbuDhabi/2211541032/2021	EPI1885395	G.3	{'nuc': ['T815C', 'A1096T', 'A1226G'], 'HA2': ['E15V']}
NODE_0001623		G.3	{}
A/India/PUN-NIV298154/2021	EPI1916894	G.3	{'nuc': ['G399A', 'A1145G', 'C1290A', 'C1475T'], 'HA1': ['V112I'], 'HA2': ['L80I']}
NODE_0001624		G.3	{}
A/Darwin/45/2021	EPI1928850	G.3	{'nuc': ['A467G', 'A659G', 'G899A', 'G1343A', 'G1433A', 'G1485A'], 'HA2': ['D145N']}
NODE_0000452		G.3	{'nuc': ['A1319T', 'T1520C']}
A/Darwin/36/2021-egg	EPI2020677	G.3	{'nuc': ['G621A', 'C744T', 'C803A'], 'HA1': ['D186N', 'P227S', 'N246K']}
NODE_0001626		G.3	{}
A/Darwin/36/2021	EPI1924428	G.3	{}
A/Moscow/6/2022	EPI2115157	G.3	{'nuc': ['T525C', 'A1499G'], 'HA2': ['I149M']}
NODE_0000453		G	{'nuc': ['T42A'], 'SigPep': ['Y9N']}
NODE_0000454		G	{'nuc': ['T650C', 'T740C']}
A/Salalah/520266545/2020	EPI1845848	G	{'nuc': ['T566A', 'T844C'], 'HA1': ['I260T']}
A/Bangladesh/10006/2020	EPI1806213	G	{'nuc': ['T706C'], 'HA1': ['I214T']}
NODE_0000456		G	{'nuc': ['G621A', 'A739G'], 'HA1': ['D186N', 'D225G']}
A/Bangladesh/3005/2020-egg	EPI1844062	G	{}
A/Bangladesh/911009/2020-egg	EPI1844056	G	{}
NODE_0001630		G	{}
NODE_0001631		G	{}
A/Bangladesh/911009/2020	EPI1838408	G	{}
NODE_0001632		G	{}
A/Bangladesh/4005/2020	EPI1838303	G	{}
A/AbuDhabi/390121/2021	EPI1847936	G	{'nuc': ['G281A', 'C353T', 'A1022G', 'T1130C']}
NODE_0001633		G	{}
A/England/203680658/2020	EPI1963830	G	{}
NODE_0001634		G	{}
NODE_0000455		G	{'nuc': ['G222A', 'G311A', 'C1493T', 'A1530T'], 'HA1': ['D53N'], 'HA2': ['N160Y']}
A/Yekaterinburg/10-01V/2021	EPI1919523	G	{}
A/Tyumen/1V/2021	EPI1887771	G	{'nuc': ['T1318C'], 'HA2': ['I89T']}
NODE_0000457		G.2	{'nuc': ['G213A', 'T300G', 'T484A', 'C743T', 'A1268G'], 'HA1': ['E50K', 'F79V', 'I140K']}
NODE_0000458		G.2:I242M	{'nuc': ['A791G', 'T1088C'], 'HA1': ['I242M']}
A/Guatemala/667/2023	EPI2716387	G.2:I242M	{'nuc': ['G300A', 'G392A', 'G626A', 'T657C', 'A665G', 'A841G', 'G1104A'], 'HA1': ['V79I', 'S198P', 'K259R'], 'HA2': ['V18M']}
NODE_0001638		G.2:I242M	{}
NODE_0000459		G.2:I242M	{'nuc': ['A785G']}
NODE_0000460		G.2:I242M	{'nuc': ['A1423G'], 'HA2': ['K124R']}
A/MountLebanon/65/2023	EPI2371010	G.2:I242M	{'nuc': ['T110C', 'C635T', 'C977T', 'G1000A'], 'HA1': ['S312N']}
A/Lebanon/175/2022	EPI2365493	G.2:I242M	{'nuc': ['T743C', 'C1079T']}
NODE_0001641		G.2:I242M	{}
A/AbuDhabi/7444/2022	EPI2371300	G.2:I242M	{'nuc': ['G197A', 'A435G', 'G1097A'], 'HA1': ['S124G']}
NODE_0000461		G.2:I242M	{'nuc': ['G620T']}
A/Bahrain/8523/2022	EPI2158339	G.2:I242M	{'nuc': ['C1703T']}
A/Maldives/765/2022	EPI2194902	G.2:I242M	{'nuc': ['G311A', 'G854A', 'C1670T']}
NODE_0000462		G.2:I242M	{}
NODE_0000464		G.2:I242M	{'nuc': ['T276C', 'C350T']}
A/SouthAfrica/PET28078/2023	EPI2699801	G.2:I242M	{'nuc': ['A214T', 'G375A', 'G479A', 'G620A', 'A704G', 'T878A', 'A1068G', 'T1656G'], 'HA1': ['K50I', 'D104N', 'D271E'], 'HA2': ['I6V', 'L202V']}
A/Utah/15/2023	EPI2453782	G.2:I242M	{'nuc': ['T212C', 'G300A', 'A842G', 'G995A'], 'HA1': ['V79I']}
NODE_0001645		G.2:I242M	{'nuc': ['G995A']}
A/Victoria/5165/2022	EPI2235663	G.2:I242M	{'nuc': ['G57A', 'A668G', 'T800C', 'C1220A', 'T1503G', 'A1531G'], 'HA2': ['S151A', 'N160S'], 'SigPep': ['V14I']}
NODE_0001646		G.2:I242M	{}
A/Serbia/7028/2022	EPI2434304	G.2:I242M	{'nuc': ['T83C', 'T308C', 'G871A', 'C908T', 'G1574A'], 'HA1': ['R269K']}
NODE_0001647		G.2:I242M	{}
A/Bahrain/1241/2022	EPI2226638	G.2:I242M	{'nuc': ['G1358A']}
NODE_0000463		G.2:I242M	{'nuc': ['T1304C', 'C1344A', 'A1573G'], 'HA2': ['L98I', 'K174R']}
A/Victoria/164/2023	EPI2542296	G.2:I242M	{}
A/Victoria/342/2023	EPI2585596	G.2:I242M	{'nuc': ['G40A'], 'SigPep': ['S8N']}
NODE_0001649		G.2	{}
NODE_0001650		G.2	{}
A/Washington/44/2022	EPI2192026	G.2	{'nuc': ['A170G', 'G620T', 'A986G', 'T1639C'], 'HA2': ['F196S']}
NODE_0000465		G.2	{'nuc': ['G557A', 'G626A', 'A689G']}
NODE_0000466		G.2	{'nuc': ['C533T', 'C1526T', 'C1670T']}
A/Sidon/S0212/2022	EPI2434257	G.2	{}
A/Sidon/S0213/2022	EPI2434285	G.2	{'nuc': ['G487A', 'T1088C'], 'HA1': ['R141K']}
NODE_0000467		G.2	{'nuc': ['A1046G']}
NODE_0000470		G.2	{'nuc': ['A923G']}
A/Florida/57/2022	EPI2093620	G.2	{}
NODE_0001655		G.2	{}
A/Victoria/5290/2022	EPI2415045	G.2	{'nuc': ['T706G', 'T980C', 'A1256G', 'T1544G'], 'HA1': ['I214S'], 'HA2': ['D164E']}
NODE_0000471		G.2	{'nuc': ['C284T', 'G479A', 'G578A', 'C1206T']}
A/Yamagata/112/2023	EPI2670274	G.2	{'nuc': ['T166C', 'G374A', 'G847A', 'G1501A'], 'HA1': ['I34T', 'R261Q'], 'HA2': ['G150E']}
A/Yamaguchi/25/2023	EPI2630346	G.2	{'nuc': ['G281A', 'C1679A']}
NODE_0001657		G.2	{}
NODE_0000469		G.2	{'nuc': ['T26C', 'G647T', 'A705G'], 'HA1': ['I214V']}
A/Serro/311325962/2022	EPI2952323	G.2	{'nuc': ['T497C', 'G899A']}
A/SaoPaulo/IAL/C10381/2023	EPI2412559	G.2	{'nuc': ['G298A', 'C1404T'], 'HA1': ['G78D']}
NODE_0000468		G.2	{'nuc': ['C299T']}
A/CzechRepublic/5701/2022	EPI2414634	G.2	{'nuc': ['C25A', 'A416G', 'C1064T', 'T1641C'], 'SigPep': ['T3N']}
A/Rondonia/357218507-IAL/2023	EPI2901088	G.2	{'nuc': ['G143A', 'G251A', 'G647T', 'G812A', 'G1106A', 'G1268A', 'C1475T']}
NODE_0001660		G.2	{}
A/Pennsylvania/45/2022	EPI2127676	G.2	{}
NODE_0001661		G.2	{}
A/Romania/521422/2022	EPI2100883	G.2	{}
NODE_0001662		G.2	{}
A/Santiago/133909/2022	EPI2528822	G.2	{'nuc': ['G1340A']}
NODE_0001663		G.2	{}
A/Mississippi/40/2022	EPI2253246	G.2	{'nuc': ['C299A', 'T623C', 'T1139G', 'T1442C']}
NODE_0001664		G.2	{}
A/Pennsylvania/37/2023	EPI2499106	G.2	{'nuc': ['C353T', 'T929C', 'G1373A', 'G1430A', 'G1578A'], 'HA2': ['V176I']}
A/Santiago/133908/2022	EPI2528814	G.2	{'nuc': ['G197A', 'A998G', 'A1319T']}
NODE_0000472		G.2.1	{'nuc': ['A468G', 'T653C', 'G850A'], 'HA1': ['T135A', 'S262N']}
A/Yokosuka/2/2023	EPI2810508	G.2.1	{'nuc': ['T356C', 'T389G', 'T833G', 'A1058C', 'G1541A', 'C1654T'], 'HA2': ['A201V']}
NODE_0000473		G.2.1	{'nuc': ['T83C']}
A/Albania/289609/2022	EPI2434312	G.2.1	{'nuc': ['G812A', 'T914C', 'T1121C']}
NODE_0001667		G.2.1	{}
NODE_0001668		G.2.1	{}
NODE_0001669		G.2.1	{}
A/Montana/8/2023	EPI2366344	G.2.1	{'nuc': ['A1391T']}
NODE_0001670		G.2.1	{}
A/Macedonia/IPH-MKD-26G/2023	EPI2763228	G.2.1	{'nuc': ['A82C', 'A140G', 'G1358A', 'A1577G'], 'HA1': ['N6T', 'I25M']}
A/Trnava/97/2022	EPI2341322	G.2.1	{'nuc': ['T176G', 'A1547G', 'T1590C'], 'HA2': ['S180P']}
NODE_0001671		G.2.1	{}
NODE_0001672		G.2.1	{}
A/VelikyNovgorod/RII-MH132654S/2023	EPI2574476	G.2.1	{'nuc': ['T425C', 'G871A', 'T1637C'], 'HA1': ['R269K']}
A/Bulgaria/1427/2023	EPI2602868	G.2.1	{'nuc': ['G647A', 'G1673A'], 'HA2': ['M207I']}
NODE_0001673		G.2.1	{}
A/Shizuoka/20/2023	EPI2610968	G.2.1	{'nuc': ['A125G', 'C565T', 'A1047C', 'G1574A'], 'HA1': ['T167I', 'T328P']}
NODE_0001674		G.2.1	{}
A/Paris/5459/2023	EPI2525994	G.2.1	{'nuc': ['A207G', 'G1491A'], 'HA1': ['I48V'], 'HA2': ['A147T']}
NODE_0001675		G.2.1	{}
A/Latvia/12-084272/2022	EPI2542010	G.2.1	{}
NODE_0001676		G.2.1	{}
A/RioGrandedoSul/4053/2023	EPI2581264	G.2.1	{'nuc': ['G557A', 'G1188A'], 'HA2': ['D46N']}
A/CzechRepublic/992/2023	EPI2555385	G.2.1	{}
NODE_0000474		G.2.1	{'nuc': ['G163A', 'G468A', 'C1380T'], 'HA1': ['R33Q', 'A135T']}
NODE_0001786		G.2.1	{}
A/Brest/56904/2022	EPI2254315	G.2.1	{'nuc': ['G985A', 'G1104A'], 'HA1': ['R307K'], 'HA2': ['V18M']}
NODE_0000475		G.2.1	{'nuc': ['C816T', 'C1667T']}
A/Finland/379/2023	EPI2736578	G.2.1	{'nuc': ['G552A', 'C930T', 'A1414G'], 'HA1': ['A163T', 'P289S'], 'HA2': ['K121R']}
A/Zamora/31/2022	EPI2337208	G.2.1	{}
NODE_0001679		G.2.1	{}
A/Ireland/9468/2023	EPI2639423	G.2.1	{'nuc': ['A919T', 'C1290A'], 'HA1': ['N285I'], 'HA2': ['L80I']}
A/Singapore/TT0434/2023	EPI3456526	G.2.1	{'nuc': ['T1380A'], 'HA2': ['L110I']}
NODE_0000476		G.2.1	{'nuc': ['G188A']}
A/Poland/181/2023	EPI2660197	G.2.1	{'nuc': ['A593G']}
NODE_0000477		G.2.1	{'nuc': ['T368A'], 'HA1': ['D101E']}
A/Guyane/187/2023	EPI2645501	G.2.1	{'nuc': ['A5G', 'C83T', 'A248T', 'C299T', 'G847A', 'G1233A'], 'HA1': ['R261Q'], 'HA2': ['E61K']}
NODE_0001794		G.2.1	{}
A/Vaxjo/2/2023	EPI2540792	G.2.1	{}
NODE_0000478		G.2.1	{'nuc': ['C152T']}
A/Yokohama/4/2022	EPI2468161	G.2.1	{}
NODE_0001683		G.2.1	{}
A/Yokohama/100/2023	EPI2747932	G.2.1	{'nuc': ['C224T', 'G300A', 'C1196T'], 'HA1': ['V79I']}
NODE_0000479		G.2.1	{'nuc': ['G84A', 'C1654T'], 'HA1': ['D7N'], 'HA2': ['A201V']}
A/Yokohama/78/2023	EPI2610952	G.2.1	{}
A/Yokohama/90/2023	EPI2611152	G.2.1	{'nuc': ['A495G'], 'HA1': ['S144G']}
NODE_0000480		G	{'nuc': ['C531A', 'A532G', 'C896T'], 'HA1': ['H156S']}
NODE_0001686		G	{}
A/Delaware/1/2021	EPI1869534	G	{'nuc': ['A156G', 'G374A', 'A1034G', 'C1571T'], 'HA1': ['N31D']}
NODE_0001687		G	{}
NODE_0000481		G	{'nuc': ['T602C', 'G1340A']}
A/Norway/16960/2011	EPI1889210	G	{'nuc': ['A87-', 'A144-', 'A155-', 'T158C', 'T208-', 'A209T', 'A218-', 'A309-', 'A348-', 'A414-', 'C415-', 'A462-', 'A463-', 'A584-', 'T585-', 'A591-', 'T715-', 'A732-', 'A771-', 'A804-', 'G831-', 'A840-', 'T902-', 'A970-', 'A1086-', 'G1098-', 'A1134-', 'G1221-', 'A1223G', 'A1236-', 'A1258-', 'A1288-', 'A1311-', 'A1319G', 'G1320-', 'A1321-', 'A1333-', 'T1348-', 'C1390-', 'A1401-', 'A1454-', 'T1473-', 'A1479-', 'A1488-'], 'HA1': ['N8-', 'I48-', 'K82-', 'N94-', 'S95-', 'T117-', 'N133-', 'I223-', 'S247-', 'G256-', 'Y302-'], 'HA2': ['N12-', 'N28-', 'G57-', 'D79-', 'S113-', 'Y141-', 'N146-']}
NODE_0001689		G	{}
A/Singapore/INFTT0002/2021	EPI1956401	G	{'nuc': ['C29A', 'C254A', 'G311A'], 'HA1': ['N63K']}
NODE_0001690		G	{}
A/Netherlands/1221/2022	EPI2205115	G	{'nuc': ['G578A', 'G667A', 'G1007A', 'A1286G'], 'HA1': ['R201K']}
NODE_0000482		G	{'nuc': ['C239T', 'G453A', 'G1104A', 'A1403G'], 'HA1': ['V130I'], 'HA2': ['V18M']}
A/Philippines/24/2021	EPI2022726	G	{'nuc': ['A248G']}
A/Philippines/21/2021	EPI2005209	G	{'nuc': ['G936A'], 'HA1': ['D291N']}
NODE_0000487		G	{'nuc': ['A223G', 'C333A'], 'HA1': ['D53G']}
A/Darwin/6/2021	EPI1885402	G	{}
NODE_0000488		G	{'nuc': ['A138G', 'G667A', 'C721A'], 'HA1': ['I25V', 'R201K', 'S219Y']}
A/Moscow/CRIE/2/2021	EPI1859848	G	{'nuc': ['A705G', 'G1677A'], 'HA1': ['I214V'], 'HA2': ['A209T']}
NODE_0001694		G	{}
A/Voronezh/CRIE/8/2021	EPI1918920	G	{'nuc': ['A872G', 'T1163C', 'G1361A', 'T1376C', 'A1587G'], 'HA2': ['K179E']}
NODE_0001695		G	{}
A/StPetersburg/RII-09/2021	EPI2069376	G	{'nuc': ['T200C', 'T989C']}
NODE_0001696		G	{}
A/Parma/5/2022	EPI2115615	G	{'nuc': ['G298A', 'C1138A'], 'HA1': ['G78D'], 'HA2': ['S29Y']}
NODE_0001697		G	{}
A/Slovenia/19583/2021	EPI2047237	G	{}
NODE_0001698		G	{}
A/Vladivostok/CRIE/NRCEM-13/2022	EPI2061536	G	{}
A/Victoria/4411c/2022	EPI2285080	G	{'nuc': ['G222A', 'T484A', 'G899A', 'A1022C'], 'HA1': ['G53S', 'I140K']}
NODE_0001813		G	{}
A/Darwin/6/2021-egg	EPI1885098	G	{'nuc': ['G621A', 'A739G'], 'HA1': ['D186N', 'D225G']}
NODE_0001699		G	{}
A/India/Pune-Nivari_22_31/2022	EPI2158347	G	{'nuc': ['T302C', 'T443C', 'C560T', 'T1520C', 'C1591T', 'G1594A'], 'HA2': ['S180L', 'G181E']}
NODE_0000489		G	{'nuc': ['A376G', 'G1340T'], 'HA1': ['D104G']}
A/Bulgaria/648/2022	EPI2087854	G	{'nuc': ['G222A', 'G251A'], 'HA1': ['G53S']}
NODE_0000490		G.1.1	{'nuc': ['A892G'], 'HA1': ['K276R']}
NODE_0000498		G.1.1.1	{'nuc': ['T534A', 'G850A', 'A1553G', 'G1589A'], 'HA1': ['L157I', 'S262N']}
A/RhodeIsland/9/2021	EPI1952864	G.1.1.1	{'nuc': ['A1101C'], 'HA2': ['M17L']}
A/NewYork/3/2021	EPI1940324	G.1.1.1	{'nuc': ['C1344A'], 'HA2': ['L98I']}
NODE_0001703		G.1.1.1	{}
A/Maryland/2/2021	EPI1926450	G.1.1.1	{}
NODE_0001704		G.1.1.1	{}
A/Colorado/6/2022	EPI2003336	G.1.1.1	{'nuc': ['T323C', 'A536G', 'A695G'], 'HA1': ['I157M']}
NODE_0001705		G.1.1.1	{}
A/Yokohama/3/2021	EPI2075076	G.1.1.1	{}
NODE_0001706		G.1.1.1	{}
A/Arizona/25/2022	EPI2063237	G.1.1.1	{'nuc': ['C9T', 'T535A'], 'HA1': ['I157K']}
NODE_0001707		G.1.1.1	{}
A/Victoria/6/2022	EPI2059180	G.1.1.1	{'nuc': ['C100T'], 'HA1': ['T12M']}
A/Spain/90/2021	EPI1970623	G.1.1.1	{}
NODE_0001708		G.1.1	{}
NODE_0000491		G.1.1	{'nuc': ['T194C']}
A/Netherlands/86/2022	EPI1988906	G.1.1	{'nuc': ['G578A', 'T1112C', 'A1426G'], 'HA2': ['Q125R']}
A/Ystradgynlais/9284/2022	EPI2110347	G.1.1	{'nuc': ['T10C', 'C296T', 'C590T', 'G1568A']}
NODE_0001710		G.1.1	{}
NODE_0001711		G.1.1	{}
NODE_0000492		G.1.1	{'nuc': ['T26C']}
A/Thailand/508/2022	EPI2192543	G.1.1	{'nuc': ['G91A', 'T914C'], 'HA1': ['S9N']}
A/Thailand/1489/2022	EPI2192225	G.1.1	{'nuc': ['G376A', 'T827C'], 'HA1': ['G104D']}
NODE_0000499		G.1.1	{'nuc': ['C1428T']}
A/Uppsala/9/2021	EPI1943305	G.1.1	{}
NODE_0001830		G.1.1	{}
NODE_0000500		G.1.1	{'nuc': ['C565G'], 'HA1': ['T167S']}
A/Poland/PL49/2022	EPI2047220	G.1.1	{'nuc': ['G1406T', 'A1685G']}
NODE_0000501		G.1.1	{'nuc': ['G137A', 'A468G', 'G479A'], 'HA1': ['T135A']}
A/NewJersey/31/2022	EPI2212599	G.1.1	{}
A/Brest/50159/2022	EPI2208079	G.1.1	{'nuc': ['T544C', 'A634G'], 'HA1': ['I160T', 'N190S']}
NODE_0001716		G.1.1	{}
A/Victoria/5/2022	EPI2022710	G.1.1	{}
NODE_0001717		G.1.1	{}
A/Tunisia/1580/2022	EPI2177262	G.1.1	{'nuc': ['A145G', 'A1184T', 'A1256G', 'T1520C'], 'HA1': ['K27R']}
NODE_0001718		G.1.1	{}
A/Norway/21651/2022	EPI2135328	G.1.1	{'nuc': ['A541G', 'T1637C'], 'HA1': ['N159S']}
NODE_0001719		G.1.1	{}
A/Stockholm/29/2022	EPI2138981	G.1.1	{'nuc': ['G1127A']}
NODE_0001720		G.1.1	{}
A/UnitedKingdom/13396/2022	EPI2133425	G.1.1	{'nuc': ['A348G', 'A1553G'], 'HA1': ['S95G']}
NODE_0001721		G.1.1	{}
A/Romania/521767/2022	EPI2100882	G.1.1	{}
NODE_0001722		G.1.1	{}
A/SuratThani/NIC-P2977/2022	EPI2228964	G.1.1	{'nuc': ['C1344A', 'A1427G'], 'HA2': ['L98I']}
A/Victoria/5198/2022	EPI2304972	G.1.1	{'nuc': ['A146G', 'G213A', 'G311A', 'G499A', 'A639G', 'G961A'], 'HA1': ['E50K', 'S145N', 'I192V', 'R299K']}
NODE_0001723		G.1.1	{}
NODE_0001724		G.1.1	{}
NODE_0000494		G.1.1	{'nuc': ['G1040A']}
NODE_0000495		G.1.1	{'nuc': ['T1385C', 'G1562A']}
A/Netherlands/93/2021	EPI1987643	G.1.1	{'nuc': ['T497C']}
A/Uvs/61060/2022	EPI2112093	G.1.1	{'nuc': ['G281A']}
NODE_0001727		G.1.1	{}
A/Estonia/168142/2022	EPI2024116	G.1.1	{'nuc': ['C372A', 'T1121C'], 'HA1': ['P103T']}
NODE_0001728		G.1.1	{}
A/Montenegro/5968412102/2021	EPI1970603	G.1.1	{}
A/Montenegro/1720902202/2022	EPI2087610	G.1.1	{}
NODE_0000496		G.1.1	{'nuc': ['G422A', 'G632A']}
A/Wisconsin/38/2023	EPI2534630	G.1.1	{'nuc': ['G312A', 'G626A', 'A1573G', 'T1640C'], 'HA1': ['E83K'], 'HA2': ['K174R']}
NODE_0000497		G.1.1	{'nuc': ['C1712T']}
A/Victoria/993/2022	EPI2059268	G.1.1	{'nuc': ['T544C', 'A898G'], 'HA1': ['I160T', 'K278R']}
A/Victoria/72/2022	EPI2030627	G.1.1	{}
NODE_0001848		G.1.1	{}
NODE_0001849		G.1.1	{}
A/Nagasaki/21FS015/2021	EPI2190709	G.1.1	{'nuc': ['A541G', 'C728T', 'G854A'], 'HA1': ['N159S']}
A/Wellington/9/2022	EPI2128822	G.1.1	{}
NODE_0001731		G.1.1	{}
A/NewZealand/306/2022	EPI2277536	G.1.1	{'nuc': ['A1042G'], 'HA1': ['K326R']}
A/Victoria/4844/2022	EPI2179007	G.1.1	{'nuc': ['G250A'], 'HA1': ['G62E']}
NODE_0001732		G.1.1	{}
NODE_0000493		G.1.1	{'nuc': ['G899A', 'T1649C']}
A/BosniaHerzegovina/103/2021	EPI2023995	G.1.1	{'nuc': ['T642G', 'C645T'], 'HA1': ['S193A']}
NODE_0001734		G.1.1	{}
A/Serbia/2522/2022	EPI2098474	G.1.1	{'nuc': ['A72T', 'G376A', 'C1325A'], 'HA1': ['I3L', 'G104D']}
A/Croatia/79486/2022	EPI2121770	G.1.1	{'nuc': ['G222A', 'G1281A', 'G1574A'], 'HA1': ['G53S'], 'HA2': ['V77I']}
NODE_0001735		G.1.1	{}
A/California/1/2022	EPI1983093	G.1.1	{'nuc': ['C386T', 'A518G', 'A1592G', 'A1723C']}
NODE_0000502		G.1.1.2	{'nuc': ['T484A', 'G961A'], 'HA1': ['I140K', 'R299K']}
A/Switzerland/95050/2023	EPI2686365	G.1.1.2	{'nuc': ['C62T', 'A1052G']}
NODE_0000503		G.1.1.2	{'nuc': ['T287C']}
A/Ireland/9830/2023	EPI2639425	G.1.1.2	{'nuc': ['G223A', 'T611C'], 'HA1': ['G53D']}
A/Netherlands/2121/2022	EPI2291277	G.1.1.2	{'nuc': ['G311A', 'C880T'], 'HA1': ['A272V']}
A/Michigan/60/2022	EPI2226249	G.1.1.2	{}
A/Denmark/3075/2022	EPI2213183	G.1.1.2	{}
NODE_0000504		G.1.1.2	{'nuc': ['G1205A']}
A/Norway/957/2022	EPI2381650	G.1.1.2	{'nuc': ['C224T', 'G236T', 'C383T'], 'HA1': ['Q57H']}
A/Ukraine/GIHSN-HCL023083084101/2023	EPI2600357	G.1.1.2	{}
NODE_0001860		G.1.1.2	{}
A/Denmark/992/2023	EPI2574617	G.1.1.2	{'nuc': ['T59C', 'C76T', 'C575T'], 'HA1': ['P4L']}
NODE_0001739		G.1.1.2	{}
A/Rennes/55914/2022	EPI2254269	G.1.1.2	{}
A/Ukraine/585/2022	EPI2337457	G.1.1.2	{'nuc': ['C700T', 'G1343T'], 'HA1': ['A212V'], 'HA2': ['E97D']}
NODE_0001740		G.1.1.2	{}
A/Victoria/5211/2022	EPI2284977	G.1.1.2	{'nuc': ['C1004T']}
NODE_0001741		G.1.1.2	{}
NODE_0001742		G.1.1.2	{}
A/Switzerland/89582/2022	EPI2317115	G.1.1.2	{}
NODE_0001743		G.1.1.2	{}
A/StPetersburg/RII-14137S/2023	EPI2574496	G.1.1.2	{}
NODE_0001744		G.1.1.2	{}
A/Ireland/9047/2023	EPI2639421	G.1.1.2	{'nuc': ['G1073A']}
A/Belgium/S1912/2023	EPI2881186	G.1.1.2	{'nuc': ['G527A', 'C1172T', 'C1466T']}
NODE_0001745		G.1.1.2	{}
A/Vasteras/2/2022	EPI2350175	G.1.1.2	{'nuc': ['A1132T'], 'HA2': ['Q27L']}
NODE_0001746		G.1.1.2	{}
A/SriLanka/221/2023	EPI2861318	G.1.1.2	{'nuc': ['A235T', 'A1223G', 'A1508C', 'A1516G', 'C1529T', 'A1530G', 'G1535A', 'G1541A', 'A1577T', 'G1595A', 'G1631A', 'A1650G', 'G1688A', 'A1700G'], 'HA1': ['Q57L'], 'HA2': ['E155G', 'N160D', 'M193I', 'I200V']}
NODE_0001747		G.1.1.2	{}
A/Tunisia/1652/2023	EPI2721028	G.1.1.2	{'nuc': ['G290A', 'C1166T', 'G1361A']}
NODE_0001748		G.1.1.2	{}
A/CzechRepublic/93/2023	EPI2414487	G.1.1.2	{}
A/Sweden/8/2023	EPI2495757	G.1.1.2	{}
NODE_0001749		G	{}
NODE_0000483		G	{'nuc': ['G113T']}
NODE_0001751		G	{}
A/Stockholm/5/2021	EPI1860015	G	{'nuc': ['G1104A'], 'HA2': ['V18M']}
NODE_0000484		G	{'nuc': ['G375A', 'A714G', 'C1356T', 'G1406A'], 'HA1': ['D104N', 'I217V']}
A/Guyane/130/2022	EPI2194447	G	{'nuc': ['C1611T']}
NODE_0001875		G	{}
A/TimorLeste/64/2022	EPI2113769	G	{'nuc': ['G104A']}
A/TimorLeste/98/2022	EPI2113640	G	{'nuc': ['C911T']}
NODE_0000485		G	{'nuc': ['T680C', 'C1289T', 'G1361A', 'C1475T', 'T1551C']}
NODE_0001754		G	{}
A/Darwin/9/2021	EPI1883349	G	{}
A/Darwin/11/2021	EPI1922154	G	{}
NODE_0000486		G	{'nuc': ['G621A', 'A739G'], 'HA1': ['D186N', 'D225G']}
A/NorthernTerritory/ATCC-9/2021	EPI2759013	G	{}
A/Darwin/9/2021-egg	EPI1881253	G	{}
NODE_0000508		G	{'nuc': ['G222A'], 'HA1': ['D53N']}
NODE_0001757		G	{}
NODE_0000509		G	{'nuc': ['A266T', 'G1142A', 'A1374G', 'T1463C'], 'HA2': ['I108V']}
A/India/PUN-NIV323256/2021	EPI1916832	G	{'nuc': ['G724A'], 'HA1': ['R220K']}
A/Bolivia/18559VIR/2022	EPI2093818	G	{'nuc': ['C254T', 'G1589T', 'G1658A'], 'HA2': ['K179N']}
NODE_0000510		G	{'nuc': ['G113T']}
A/India/2153/2021	EPI1993687	G	{'nuc': ['A429G', 'C464T', 'T548C', 'G797A'], 'HA1': ['N122D']}
NODE_0000511		G	{'nuc': ['G188A', 'T824C', 'C930T', 'T1011C'], 'HA1': ['P289S']}
A/Nevada/8/2022	EPI2016214	G	{'nuc': ['C1560A']}
NODE_0000512		G	{'nuc': ['A725G', 'A809G', 'G985A'], 'HA1': ['R307K']}
A/Yamaguchi/1/2022	EPI2209312	G	{'nuc': ['C94T', 'T1163C', 'T1211C'], 'HA1': ['T10M']}
A/Yamaguchi/2/2022	EPI2234388	G	{}
NODE_0000513		G	{'nuc': ['T449C', 'T878C']}
NODE_0000514		G	{'nuc': ['A518G']}
A/India/PUN-NIV301759/2021	EPI1916902	G	{'nuc': ['T158C', 'G236T', 'C641T', 'T790C', 'G1106A', 'T1385C'], 'HA1': ['Q57H', 'I242T']}
NODE_0001764		G	{}
A/Ruabon/4105/2021	EPI1942267	G	{'nuc': ['A43G', 'A45T', 'G79A', 'A80G', 'G479A', 'C1206T'], 'HA1': ['G5E'], 'SigPep': ['N9S', 'I10F']}
A/India/2155/2021	EPI1993591	G	{'nuc': ['A541G', 'C743T', 'A1253G', 'A1601G'], 'HA1': ['N159S']}
NODE_0000515		G.1.3	{'nuc': ['A352G', 'A639T', 'T989C', 'A1198G'], 'HA1': ['N96S', 'I192F'], 'HA2': ['N49S']}
NODE_0000517		G.1.3	{'nuc': ['A275G']}
A/Darwin/24/2021-egg	EPI2020669	G.1.3	{'nuc': ['G621A', 'A739G'], 'HA1': ['D186N', 'D225G']}
NODE_0001768		G.1.3	{}
A/Bhutan/1137/2021	EPI2004916	G.1.3	{'nuc': ['A98G', 'G419A', 'T706C'], 'HA1': ['I214T']}
A/Darwin/24/2021	EPI1888096	G.1.3	{}
NODE_0001891		G.1.3	{}
A/Singapore/SAR86232/2021	EPI1994382	G.1.3	{'nuc': ['C749T', 'C977A', 'T980C']}
NODE_0000516		G.1.3	{'nuc': ['T1604G'], 'HA2': ['D184E']}
A/Alaska/1/2021-egg	EPI2113195	G.1.3	{'nuc': ['G621A', 'A739G'], 'HA1': ['D186N', 'D225G']}
A/Alaska/1/2021	EPI1918345	G.1.3	{}
NODE_0000518		G.1.3	{'nuc': ['G1340A', 'A1427G']}
NODE_0000519		G.1.3	{'nuc': ['G850A'], 'HA1': ['S262N']}
A/SriLanka/5/2022	EPI1985630	G.1.3	{'nuc': ['T56A', 'G137T', 'T378C'], 'HA1': ['Y105H']}
A/Darwin/30/2021	EPI1892533	G.1.3	{'nuc': ['G1424A']}
NODE_0001771		G.1.3	{}
A/Zgharta/6633/2021	EPI1954267	G.1.3	{'nuc': ['G1007A', 'G1013A', 'A1253G']}
NODE_0000520		G.1.3	{'nuc': ['C1262T']}
A/Victoria/5/2021	EPI1889118	G.1.3	{}
A/Myanmar/I039/2021	EPI1998579	G.1.3	{'nuc': ['A710C']}
NODE_0001773		G.1.3	{}
A/India/Kerala-NIVQC471/2021	EPI2155974	G.1.3	{'nuc': ['C116T', 'G188A', 'A752G', 'G797A', 'T1532C']}
NODE_0001774		G.1.3	{}
NODE_0000521		G.1.3	{'nuc': ['G143A', 'A485G'], 'HA1': ['I140M']}
NODE_0000522		G.1.3	{'nuc': ['T389G']}
A/Romania/518142/2022	EPI2115746	G.1.3	{'nuc': ['G211A', 'G1575A'], 'HA1': ['G49D'], 'HA2': ['G175R']}
A/AbuDhabi/3550500/2021	EPI1958705	G.1.3	{}
NODE_0001777		G.1.3	{}
NODE_0000523		G.1.3	{'nuc': ['T182G', 'G312A', 'G899A', 'T1389G', 'A1499G', 'C1670A'], 'HA1': ['E83K'], 'HA2': ['S113A', 'I149M']}
A/Bhutan/1287/2022	EPI2227434	G.1.3	{}
A/Bhutan/1331/2022	EPI2370058	G.1.3	{}
NODE_0001779		G.1.3	{}
A/SriLanka/26/2022	EPI2737501	G.1.3	{'nuc': ['A634G', 'A785G', 'G1198A', 'A1505G'], 'HA1': ['N190S'], 'HA2': ['S49N']}
NODE_0001780		G.1.3	{}
A/Uaq/7615/2023	EPI2689888	G.1.3	{'nuc': ['C231T', 'T378C', 'C410T', 'C469A', 'G488A', 'A536G', 'T824C', 'A843G', 'A1160G', 'A1271G'], 'HA1': ['H56Y', 'Y105H', 'T135K', 'I260V']}
A/SriLanka/7/2023	EPI2737513	G.1.3	{'nuc': ['G197A', 'C437A', 'G1142A', 'A1414G'], 'HA1': ['S124R'], 'HA2': ['K121R']}
NODE_0000524		G.1.3	{'nuc': ['G95A']}
A/Lisbon/70/2022	EPI2021200	G.1.3	{'nuc': ['C410T', 'A892C', 'G1574A'], 'HA1': ['K276T']}
A/Victoria/9/2021	EPI1983161	G.1.3	{}
A/Netherlands/99/2021	EPI1956892	G.1.3	{'nuc': ['C901T'], 'HA1': ['S279F']}
A/England/214191723/2021	EPI1924768	G.1.3	{}
NODE_0001782		G.1.3	{}
A/Netherlands/98/2021	EPI1956889	G.1.3	{}
A/California/37/2021	EPI1964734	G.1.3	{'nuc': ['A138G', 'A584T', 'T1283C'], 'HA1': ['I25V', 'Q173H']}
NODE_0001783		G.1.3	{}
A/Santiago/188970/2021	EPI1973080	G.1.3	{}
NODE_0001784		G.1.3	{}
A/NewJersey/27/2022	EPI2106310	G.1.3	{'nuc': ['A719G', 'G1424A', 'G1430A', 'C1598T']}
NODE_0001785		G.1.3	{}
A/Romania/506530_PH/2022	EPI2028882	G.1.3	{}
A/Spain/89/2021	EPI1970563	G.1.3	{}
NODE_0000526		G.1.3	{'nuc': ['C320T']}
NODE_0001787		G.1.3	{}
A/Qatar/25-VI-22-1930279/2022	EPI2229246	G.1.3	{'nuc': ['G63A', 'T110G', 'G374T', 'A434G', 'T521C', 'A1052G'], 'SigPep': ['A16T']}
NODE_0000527		G.1.3	{'nuc': ['T827C', 'A1531C'], 'HA2': ['N160T']}
A/Paraiba/181445-IEC/2021	EPI1993805	G.1.3	{'nuc': ['G1574A', 'G1602T'], 'HA2': ['D184Y']}
NODE_0001913		G.1.3	{}
NODE_0001789		G.1.3	{}
A/SantaCatarina/1975/2022	EPI2004517	G.1.3	{'nuc': ['C296T', 'G782A']}
NODE_0000530		G.1.3	{'nuc': ['A545G'], 'HA1': ['I160M']}
A/Zambia/1315/2022	EPI2463723	G.1.3	{'nuc': ['G340A', 'A483G'], 'HA1': ['R92K', 'I140V']}
NODE_0001791		G.1.3	{}
A/Zambia/7161/2022	EPI2194329	G.1.3	{'nuc': ['A875G']}
NODE_0001792		G.1.3	{}
A/Zambia/9275/2022	EPI2463715	G.1.3	{'nuc': ['C455A', 'C1380T']}
NODE_0001793		G.1.3	{}
A/Zambia/1455/2022	EPI2463744	G.1.3	{'nuc': ['A50G', 'A216C', 'C890A'], 'HA1': ['I51L']}
NODE_0000531		G.1.3	{'nuc': ['T300C', 'A341G', 'G374A', 'C1004T', 'G1104A', 'G1281A'], 'HA1': ['F79L'], 'HA2': ['V18M', 'V77I']}
A/Peru/2024/2023	EPI2645335	G.1.3	{'nuc': ['T405G', 'G563A', 'G962A', 'T1370C'], 'HA1': ['S114A']}
A/Peru/5443/2023	EPI2645366	G.1.3	{'nuc': ['T212C', 'C344A', 'G545A', 'G869A', 'G995A', 'T1655C'], 'HA1': ['M160I', 'M268I']}
NODE_0001795		G.1.3	{}
NODE_0000528		G.1.3	{'nuc': ['G1104A'], 'HA2': ['V18M']}
A/Valparaiso/64301/2022	EPI2353621	G.1.3	{'nuc': ['G609A'], 'HA1': ['V182I']}
A/VinaDelMar/90277/2022	EPI2176395	G.1.3	{'nuc': ['G143A', 'C749T', 'A789C', 'C1212A', 'G1340T'], 'HA1': ['I242L']}
NODE_0001797		G.1.3	{}
NODE_0001798		G.1.3	{}
A/SaoPaulo/IAL/C9692/2021	EPI2088539	G.1.3	{'nuc': ['C54A', 'A263C', 'C530T'], 'SigPep': ['L13I']}
A/Uruguay/1046/2022	EPI2063641	G.1.3	{'nuc': ['C635T', 'G1595A']}
NODE_0001799		G.1.3	{}
A/PuertoMontt/71529/2022	EPI2167696	G.1.3	{'nuc': ['A345C', 'T611C', 'C1005T', 'G1302A'], 'HA1': ['N94H'], 'HA2': ['V84I']}
NODE_0001800		G.1.3	{}
NODE_0000529		G.1.3	{'nuc': ['C469A', 'G499A'], 'HA1': ['T135K', 'S145N']}
A/Michigan/83/2022	EPI2253557	G.1.3	{}
NODE_0001802		G.1.3	{}
A/Chile/9522/2022	EPI2445541	G.1.3	{'nuc': ['A659G']}
A/Georgia/17/2023	EPI2444359	G.1.3	{'nuc': ['T484A', 'T548C', 'T929C', 'G1217A'], 'HA1': ['I140K']}
NODE_0001803		G.1.3	{}
A/Valparaiso/94712/2022	EPI2529628	G.1.3	{'nuc': ['T484C'], 'HA1': ['I140T']}
NODE_0001804		G.1.3	{}
A/VinaDelMar/116666/2022	EPI2529886	G.1.3	{'nuc': ['C1064A', 'A1427G', 'G1583T'], 'HA2': ['E177D']}
A/Uruguay/3769/2022	EPI2365597	G.1.3	{'nuc': ['T35C', 'T272C', 'T484G'], 'HA1': ['I140R']}
NODE_0000532		G.1.3	{'nuc': ['G213A'], 'HA1': ['E50K']}
A/SriLanka/8/2022	EPI2397475	G.1.3	{'nuc': ['A72G', 'G84A', 'C469A', 'T657C', 'A863G', 'A998G', 'A1022G', 'G1247A', 'G1568A', 'C1679A'], 'HA1': ['I3V', 'D7N', 'T135K', 'S198P']}
NODE_0000533		G.1.3	{'nuc': ['A1037T']}
A/Singapore/SAR39241/2022	EPI2084912	G.1.3	{'nuc': ['G312A', 'G527A', 'G1406A', 'T1450C', 'G1583A'], 'HA1': ['E83K'], 'HA2': ['M133T']}
NODE_0000534		G.1.3	{'nuc': ['T320C']}
A/Nepal/21FL2141/2021	EPI1922676	G.1.3	{}
NODE_0001808		G.1.3	{}
A/Maldives/819/2021	EPI2195001	G.1.3	{'nuc': ['G340A', 'A584G'], 'HA1': ['R92K']}
NODE_0000535		G.1.3.1:I223V	{'nuc': ['C413A', 'A732G'], 'HA1': ['I223V']}
NODE_0000537		G.1.3.1:I223V	{'nuc': ['A572G']}
A/Niger/10322/2022	EPI1993711	G.1.3.1:I223V	{}
A/Niger/10238/2021	EPI1993750	G.1.3.1:I223V	{'nuc': ['A662T', 'C1611T']}
NODE_0000540		G.1.3.1:I223V	{'nuc': ['T494C', 'T1076G']}
NODE_0001812		G.1.3.1:I223V	{}
A/Togo/159/2023	EPI2619420	G.1.3.1:I223V	{'nuc': ['C410A', 'T623C', 'A655G', 'A897G', 'T1037C', 'G1583A'], 'HA1': ['Q197R', 'K278E']}
A/Togo/1960/2022	EPI2372779	G.1.3.1:I223V	{'nuc': ['G1013A', 'T1313C']}
NODE_0000541		G.1.3.1:I223V	{'nuc': ['A416G', 'G732A'], 'HA1': ['V223I']}
A/Niger/3290/2022	EPI2443148	G.1.3.1:I223V	{'nuc': ['C383A']}
NODE_0000542		G.1.3.1:I223V	{'nuc': ['A891G', 'G1104A'], 'HA1': ['K276E'], 'HA2': ['V18M']}
A/CoteDIvoire/3789/2023	EPI2984385	G.1.3.1:I223V	{'nuc': ['G340A', 'A917G', 'C1559T'], 'HA1': ['R92K']}
NODE_0000543		G.1.3.1:I223V	{'nuc': ['G91A', 'C716A'], 'HA1': ['S9N']}
A/Ghana/1229/2024	EPI3634278	G.1.3.1:I223V	{'nuc': ['T185C', 'A335T', 'A485G', 'A545G', 'C926T', 'C989T', 'C1166A', 'T1460C'], 'HA1': ['I140M', 'I160M']}
A/Ghana/7934/2023	EPI2901112	G.1.3.1:I223V	{'nuc': ['T1244C', 'A1499G', 'A1608G'], 'HA2': ['I149M', 'I186V']}
NODE_0001816		G.1.3.1:I223V	{}
NODE_0001817		G.1.3.1:I223V	{}
A/Nepal/22FL2210/2022	EPI2190817	G.1.3.1:I223V	{'nuc': ['A1274G', 'T1439C']}
NODE_0001818		G.1.3.1:I223V	{}
A/Ghana/2122/2022	EPI2177361	G.1.3.1:I223V	{'nuc': ['T602C', 'A1145G']}
NODE_0001819		G.1.3.1:I223V	{}
NODE_0001820		G.1.3.1:I223V	{}
A/Portugal/210312/2022	EPI2139218	G.1.3.1:I223V	{}
A/India/Kashmir-Niviso_22_06/2022	EPI2157934	G.1.3.1:I223V	{}
NODE_0001821		G.1.3.1:I223V	{}
NODE_0001822		G.1.3.1:I223V	{}
A/BurkinaFaso/2539/2022	EPI2454081	G.1.3.1:I223V	{'nuc': ['C257T', 'G499A', 'C560T', 'A719T', 'G782A', 'C1379T', 'T1484C'], 'HA1': ['S145N']}
NODE_0001823		G.1.3.1:I223V	{}
A/UnitedKingdom/13538/2022	EPI2289595	G.1.3.1:I223V	{}
A/UnitedKingdom/13537/2022	EPI2289589	G.1.3.1:I223V	{}
NODE_0000538		G.1.3.1:I223V	{'nuc': ['C743T', 'C846A', 'T896C']}
A/Thailand/25/2022	EPI2358280	G.1.3.1:I223V	{'nuc': ['C127T', 'G812A'], 'HA1': ['P21L']}
NODE_0000539		G.1.3.1:I223V	{'nuc': ['A468G'], 'HA1': ['T135A']}
A/Yokohama/31/2023	EPI2591592	G.1.3.1:I223V	{'nuc': ['C707T']}
A/Yokohama/51/2023	EPI2543333	G.1.3.1:I223V	{'nuc': ['C1364T']}
NODE_0000544		J	{'nuc': ['T484A'], 'HA1': ['I140K']}
NODE_0000545		J	{'nuc': ['C284T', 'T287C', 'A398G', 'A583G', 'A818G', 'A891G', 'A1034G', 'G1142A', 'G1205A', 'G1541A', 'G1688A'], 'HA1': ['Q173R', 'K276E']}
A/Songkhla/THIS28/2023	EPI2755379	J	{'nuc': ['A1022G']}
NODE_0001958		J	{}
A/Bahrain/1899/2023	EPI2716355	J	{'nuc': ['A687G', 'C931T'], 'HA1': ['R208G', 'P289L']}
NODE_0001828		J	{}
A/Bahrain/2317/2023	EPI2812717	J	{}
NODE_0001829		J	{}
A/Yaounde/23V-12684/2023	EPI3351916	J	{'nuc': ['A904G'], 'HA1': ['E280G']}
A/CoteDIvoire/888/2024	EPI3295378	J	{'nuc': ['T308C', 'C560T', 'A631G', 'C959T', 'G1179T', 'G1340A', 'G1373A'], 'HA1': ['K189R'], 'HA2': ['A43S']}
NODE_0000546		J	{'nuc': ['A24G', 'C1064T', 'A1403G'], 'SigPep': ['T3A']}
A/Bahrain/4658/2022	EPI2106190	J	{'nuc': ['G1340T']}
NODE_0001831		J	{}
A/Thailand/9/2022	EPI2178965	J	{}
NODE_0001832		J	{}
NODE_0001833		J	{}
A/Wakayama/3/2022	EPI2468216	J	{'nuc': ['T795C', 'C1196T']}
A/TimorLeste/63/2024	EPI3317645	J	{'nuc': ['G79A', 'G830A', 'A919G', 'C1004T', 'G1073A', 'C1337T', 'T1580C', 'T1638C'], 'HA1': ['G5E', 'N285S'], 'HA2': ['F196L']}
NODE_0000547		J	{'nuc': ['G95A', 'A729C', 'T1346C', 'G1643A']}
A/SuratThani/P2518/2023	EPI2681785	J	{'nuc': ['A656C', 'A1223G', 'T1442C'], 'HA1': ['Q197H']}
NODE_0000548		J	{'nuc': ['T194A', 'T1448C']}
A/Suriname/506/2023	EPI2756872	J	{}
A/Suriname/609/2023	EPI2756896	J	{'nuc': ['T703C'], 'HA1': ['V213A']}
NODE_0001836		J	{}
NODE_0000550		J	{'nuc': ['T1292C']}
A/YstradMynach/5633/2022	EPI2181380	J	{'nuc': ['A134G', 'C926T']}
A/Massachusetts/18/2022	EPI2096148	J	{'nuc': ['G422A']}
A/Oman/9537/2022	EPI2157782	J	{'nuc': ['A313G'], 'HA1': ['E83G']}
NODE_0001838		J	{}
NODE_0000551		J	{'nuc': ['G1358A']}
A/Ontario/RV00530/2023	EPI2645423	J	{'nuc': ['G137A']}
A/SuratThani/3897/2022	EPI2385357	J	{'nuc': ['T329G', 'G782A', 'C1001A', 'T1061C'], 'HA1': ['S312R']}
NODE_0001840		J	{}
A/Brest/50160/2022	EPI2208087	J	{'nuc': ['A43G'], 'SigPep': ['N9S']}
NODE_0001841		J	{}
A/AbuDhabi/2946/2022	EPI2223823	J	{'nuc': ['C716T', 'A856G'], 'HA1': ['K264R']}
NODE_0001842		J	{}
A/Valladolid/50/2022	EPI2465638	J	{'nuc': ['A39G', 'G192A', 'A734G', 'G1097A'], 'HA1': ['V43I'], 'SigPep': ['S8G']}
NODE_0001843		J	{}
A/Utah/33/2023	EPI2677067	J	{}
NODE_0000552		J	{'nuc': ['C239A']}
A/SriLanka/7/2024	EPI3007239	J	{'nuc': ['G95A', 'T389C', 'T509C', 'G626A', 'C707T', 'C743T', 'G1373T']}
A/Bawshar/52310940/2023	EPI2721004	J	{}
NODE_0001845		J	{}
NODE_0001846		J	{}
A/SuratThani/P4427/2022	EPI2311927	J	{'nuc': ['T13C', 'G63A', 'T293C', 'G609A', 'C671T', 'C1565T'], 'HA1': ['V182I'], 'SigPep': ['A16T']}
NODE_0000553		J	{'nuc': ['A1034C']}
NODE_0000554		J	{'nuc': ['T185C', 'T212C', 'A791G'], 'HA1': ['I242M']}
A/Victoria/2384/2023	EPI2737974	J	{}
A/Uaq/12396/2023	EPI2796513	J	{'nuc': ['G499A', 'C1364T'], 'HA1': ['S145N']}
NODE_0000555		J	{'nuc': ['G101T']}
A/SouthAfrica/R07771/2023	EPI2732308	J	{'nuc': ['C1034T', 'T1076C', 'T1244C', 'A1634G']}
NODE_0001850		J	{}
A/SouthAfrica/R06066/2023	EPI2732435	J	{'nuc': ['A1531G'], 'HA2': ['N160S']}
NODE_0001851		J	{}
A/SouthAfrica/R07227/2023	EPI2732364	J	{'nuc': ['A1101C'], 'HA2': ['M17L']}
A/NewMexico/43/2023	EPI2756809	J	{}
NODE_0000556		J	{'nuc': ['A452G']}
NODE_0000559		J	{'nuc': ['G1574A']}
A/Wisconsin/62/2023	EPI2772569	J	{'nuc': ['C359T', 'G1000A'], 'HA1': ['S312N']}
NODE_0000560		J	{'nuc': ['C383A', 'G1578A'], 'HA2': ['V176I']}
A/Zhejiang-Nanhu/1420/2023	EPI2668624	J	{'nuc': ['G1127A']}
NODE_0000561		J	{'nuc': ['A138G', 'G563A', 'G974A'], 'HA1': ['I25V']}
A/Macau/9901287/2023	EPI2790387	J	{}
A/Zhejiang-NH/11035/2023	EPI3721315	J	{'nuc': ['C333A', 'T1064C', 'C1644A'], 'HA2': ['L198I']}
NODE_0001856		J	{}
A/Zhejiang-Nanhu/1438/2023	EPI2668627	J	{'nuc': ['A662T', 'G854A']}
NODE_0000562		J	{'nuc': ['T194C']}
A/ZabaykalskyKrai/41-5V/2023	EPI2860790	J	{}
A/Zhejiang-NH/1831/2023	EPI4161388	J	{'nuc': ['C716T']}
NODE_0001858		J	{}
NODE_0001859		J	{}
A/Nepal/S574/2023	EPI2734534	J	{'nuc': ['C780T', 'C983T', 'T1619C'], 'HA1': ['P239S']}
NODE_0000557		J	{'nuc': ['A518G']}
A/Victoria/916/2023	EPI2738146	J	{}
A/Victoria/967/2023	EPI2698695	J	{'nuc': ['G688A'], 'HA1': ['R208K']}
NODE_0001861		J	{}
NODE_0000558		J	{'nuc': ['C126A'], 'HA1': ['P21T']}
A/Maldives/1074/2023	EPI2689789	J	{'nuc': ['G91A', 'A1034G', 'G1568A'], 'HA1': ['S9N']}
NODE_0001863		J	{}
A/RasAlKhaimah/8132/2023	EPI2689880	J	{}
NODE_0001864		J	{}
A/Maldives/991/2023	EPI2689781	J	{}
A/Maldives/823/2023	EPI2689749	J	{'nuc': ['G1198A'], 'HA2': ['S49N']}
NODE_0001865		J	{}
A/Wellington/6/2023	EPI2642919	J	{'nuc': ['A207G', 'G730A', 'T1370A'], 'HA1': ['I48V', 'R222K'], 'HA2': ['H106Q']}
NODE_0001866		J	{}
A/Kenya/105/2023	EPI2796341	J	{'nuc': ['C744T'], 'HA1': ['P227S']}
NODE_0001867		J	{}
A/Bangladesh/3031/2023	EPI2732678	J	{'nuc': ['G990A'], 'HA1': ['V309I']}
NODE_0001868		J	{}
A/Uganda/UVRI_KSW7764/2024	EPI3849053	J	{'nuc': ['T61A', 'G1247A'], 'SigPep': ['F15Y']}
A/Finland/474/2023	EPI2943805	J	{'nuc': ['G392A', 'T929C', 'C1004T', 'C1196T', 'A1311T'], 'HA2': ['T87S']}
NODE_0001869		J	{}
NODE_0000549		J	{'nuc': ['G1589A']}
A/Thailand/8/2022-egg	EPI2775684	J	{'nuc': ['G609A', 'T649A'], 'HA1': ['V182I', 'F195Y']}
NODE_0001871		J	{}
A/TimorLeste/99/2024	EPI3317648	J	{'nuc': ['C54A', 'G298A', 'C469A', 'T566C', 'G1007T', 'G1073A', 'C1478T', 'G1583A'], 'HA1': ['G78D', 'T135K'], 'SigPep': ['L13I']}
A/Thailand/8/2022	EPI2178977	J	{}
NODE_0000563		J	{'nuc': ['C614T']}
NODE_0002005		J	{}
A/Thailand/22/2022	EPI2397574	J	{'nuc': ['G699T', 'G990A'], 'HA1': ['A212S', 'V309I']}
NODE_0001873		J	{}
NODE_0000564		J	{'nuc': ['T302C']}
A/Ulsan/65/2022	EPI2404491	J	{}
NODE_0000565		J	{'nuc': ['G1562T']}
B/KhonKaen/FSEQ12/2023	EPI2539532	J	{'nuc': ['G975C', 'C1241T', 'A1668G'], 'HA1': ['A304P'], 'HA2': ['I206V']}
B/NakhonPhanom/P826/2023	EPI2534264	J	{'nuc': ['A207G', 'A1700G'], 'HA1': ['I48V']}
NODE_0001876		J	{}
A/Victoria/59/2023	EPI2397635	J	{'nuc': ['T176C']}
NODE_0001877		J	{}
A/TimorLeste/25/2023	EPI2643101	J	{'nuc': ['T389C']}
NODE_0000566		J.1	{'nuc': ['A138G', 'C716T', 'T800C', 'G1104A'], 'HA1': ['I25V'], 'HA2': ['V18M']}
NODE_0000567		J.1	{'nuc': ['T713C', 'C901T'], 'HA1': ['S279F']}
A/Maldives/1898/2023	EPI2926252	J.1	{'nuc': ['A429G', 'T1460C', 'T1463C'], 'HA1': ['N122D']}
A/Vietnam/PF324047/2024	EPI3679328	J.1	{'nuc': ['C94T', 'T935C'], 'HA1': ['T10M']}
NODE_0001880		J.1	{}
NODE_0000568		J.1	{'nuc': ['G499A', 'C1241T'], 'HA1': ['S145N']}
A/Madagascar/81992/2024	EPI3879529	J.1	{'nuc': ['A43G', 'A207G', 'G479A', 'C635T', 'T740C', 'A885G', 'G1198A', 'A1226G', 'A1256G', 'A1274G', 'G1562A'], 'HA1': ['I48V', 'I274V'], 'HA2': ['S49N'], 'SigPep': ['N9S']}
NODE_0000569		J.1	{'nuc': ['T706C', 'A1034G'], 'HA1': ['I214T']}
A/Zambia/73/2024	EPI3458903	J.1	{'nuc': ['G33A', 'C66A', 'G944A'], 'HA1': ['Q1K'], 'SigPep': ['A6T']}
NODE_0001883		J.1	{}
A/Zambia/119/2024	EPI3458721	J.1	{}
NODE_0000570		J.1	{'nuc': ['T212C', 'A734G']}
NODE_0000571		J.1	{'nuc': ['T701C']}
A/Oman/3989/2024	EPI3576095	J.1	{'nuc': ['G123A'], 'HA1': ['V20I']}
A/Fujairah/9666/2024	EPI3389105	J.1	{}
NODE_0001886		J.1	{}
A/Swansea/706/2024	EPI3913605	J.1	{'nuc': ['G211A', 'T887C', 'C1493T'], 'HA1': ['G49D']}
NODE_0001887		J.1	{}
A/Albania/310457/2024	EPI4213312	J.1	{'nuc': ['G163A', 'T182C', 'G609A', 'T1121C', 'G1202A', 'G1208A'], 'HA1': ['R33Q', 'V182I']}
A/Finland/639/2025	EPI3914678	J.1	{'nuc': ['G137A', 'T200C', 'A638G']}
NODE_0000572		J.1	{'nuc': ['A1317G'], 'HA2': ['I89V']}
NODE_0000573		J.1	{'nuc': ['A1184C']}
A/Slovenia/8/2024	EPI3087109	J.1	{'nuc': ['A339G', 'G1373A'], 'HA1': ['R92G']}
A/HongKong/1534/2023	EPI2716203	J.1	{'nuc': ['T1163C']}
NODE_0001890		J.1	{}
NODE_0000577		J.1	{'nuc': ['C1004T', 'G1202A']}
A/Hungary/90/2024	EPI3300145	J.1	{}
NODE_0000578		J.1	{'nuc': ['T233C']}
A/Zhejiang-Wuxin/1256/2024	EPI3467096	J.1	{'nuc': ['G1445A']}
A/Zhejiang-Tongxiang/322/2023	EPI2959416	J.1	{'nuc': ['T300C', 'A468G'], 'HA1': ['F79L', 'T135A']}
NODE_0001893		J.1	{}
NODE_0000575		J.1	{'nuc': ['T525C', 'A684G'], 'HA1': ['K207E']}
A/Wisconsin/99/2023	EPI2819095	J.1	{'nuc': ['T167A', 'C437T']}
NODE_0000576		J.1	{'nuc': ['A863C', 'G1007A']}
A/Vietnam/I00550/2023	EPI3738168	J.1	{'nuc': ['A1256G']}
A/Vietnam/I00439/2023	EPI3738090	J.1	{}
NODE_0001896		J.1	{}
NODE_0001897		J.1	{}
A/Yokohama/167/2023	EPI2977298	J.1	{'nuc': ['C231T', 'G496A', 'A545C', 'G588A'], 'HA1': ['H56Y', 'S144N', 'D175N']}
A/Victoria/2195/2023	EPI2724890	J.1	{'nuc': ['A223G', 'A1268G'], 'HA1': ['N53S']}
NODE_0001898		J.1	{}
NODE_0001899		J.1	{}
A/Victoria/3240/2023	EPI2976945	J.1	{'nuc': ['C100T', 'C382T', 'T929C'], 'HA1': ['T12M', 'A106V']}
NODE_0001900		J.1	{}
A/Yamagata/139/2024	EPI3467888	J.1	{'nuc': ['A252G', 'G281A', 'G436A', 'G499A', 'C846A', 'T1139A', 'C1466A'], 'HA1': ['N63D', 'S124N', 'S145N'], 'HA2': ['F138L']}
NODE_0000574		J.1	{'nuc': ['C116T']}
A/Yokosuka/16/2023	EPI3011398	J.1	{}
NODE_0001902		J.1	{}
A/Norway/14087/2023	EPI2945301	J.1	{}
A/Yokohama/10/2024	EPI3195018	J.1	{'nuc': ['C410A']}
NODE_0001903		J.1	{}
A/Wellington/61/2023	EPI2925730	J.1	{'nuc': ['T227C', 'T401A']}
NODE_0001904		J.1	{}
A/Yokosuka/12/2023	EPI2903854	J.1	{'nuc': ['C383T', 'G1097A']}
NODE_0001905		J.1	{}
A/Yokohama/110/2023	EPI2840345	J.1	{}
NODE_0001906		J.1	{}
A/Wellington/69/2023	EPI2984250	J.1	{'nuc': ['G974A']}
NODE_0000579		J.1	{'nuc': ['T425C']}
A/Lisbon/125/2024	EPI3137194	J.1	{'nuc': ['A222C', 'T476A', 'A1367G'], 'HA1': ['N53H']}
NODE_0001908		J.1	{}
A/Belgium/H00110/2023	EPI2942439	J.1	{}
A/Lisbon/147/2024	EPI3292914	J.1	{'nuc': ['T548C']}
NODE_0000580		J:N122D	{'nuc': ['A429G', 'C617T'], 'HA1': ['N122D']}
NODE_0000581		J:N122D	{'nuc': ['A413G']}
A/Belgium/H0592/2022	EPI2881302	J:N122D	{'nuc': ['G337A', 'A633G', 'G717-', 'A1700G'], 'HA1': ['S91N', 'G218-']}
NODE_0001914		J:N122D	{}
A/Zhejiang-Yiwu/1231/2023	EPI2668033	J:N122D	{'nuc': ['A146G', 'T425C', 'G1188A', 'G1424A', 'G1595A'], 'HA2': ['D46N']}
NODE_0001915		J:N122D	{}
A/Lao/1666/2023	EPI2677324	J:N122D	{'nuc': ['A69C', 'T566C'], 'HA1': ['K2Q']}
NODE_0001916		J:N122D	{}
A/Zhejiang-Wuxin/1863/2023	EPI2822033	J:N122D	{}
A/NewYork/33/2023	EPI2756793	J:N122D	{'nuc': ['A545G', 'C641T', 'G854A', 'T929C', 'C1229A', 'G1501A'], 'HA1': ['I160M'], 'HA2': ['G150E']}
NODE_0002047		J:N122D	{}
A/NewYork/66/2022	EPI2367331	J:N122D	{'nuc': ['C1118T']}
NODE_0002049		J:N122D	{}
A/Netherlands/90/2023	EPI2300992	J:N122D	{'nuc': ['T227C', 'T425C', 'T1649C']}
NODE_0001910		J:N122D	{}
A/Zambia/1295/2023	EPI2900327	J:N122D	{'nuc': ['G38A', 'C126A', 'G805A', 'T838A', 'C1187T'], 'HA1': ['P21T', 'S247N', 'F258Y']}
NODE_0001911		J:N122D	{}
A/SouthAfrica/R04548/2023	EPI2732539	J:N122D	{'nuc': ['G1097A']}
NODE_0001912		J:N122D	{'nuc': ['T26G', 'T60C', 'G1104A', 'T1322C', 'G1433A', 'C1493T'], 'HA2': ['V18M'], 'SigPep': ['F15L']}
A/Zhejiang-TX/350/2024	EPI3721395	J:N122D	{'nuc': ['G737A']}
A/Austria/1671200/2023	EPI2878996	J:N122D	{'nuc': ['A848G']}
NODE_0000582		J.2	{'nuc': ['A305G', 'A891G'], 'HA1': ['K276E']}
NODE_0000612		J.2	{'nuc': ['A125G']}
NODE_0000624		J.2	{'nuc': ['C1290A'], 'HA2': ['L80I']}
A/Volgograd/192-t1V/2023	EPI3048074	J.2	{'nuc': ['A309G'], 'HA1': ['K82E']}
NODE_0001927		J.2	{}
NODE_0000626		J.2	{'nuc': ['T1656C']}
B/Switzerland/SPFL161313/2024	EPI3526125	J.2	{'nuc': ['A462G', 'C464T'], 'HA1': ['N133D']}
NODE_0002059		J.2	{}
A/Estonia/KL1348/2023	EPI3087272	J.2	{}
NODE_0001929		J.2	{}
A/Trieste/17/2024	EPI3533484	J.2	{'nuc': ['A1022G']}
A/StPetersburg/RII-224S/2024	EPI3741332	J.2	{'nuc': ['A138G', 'A540T', 'T602C', 'A631G', 'C641A', 'G730A', 'T1215C', 'G1247A'], 'HA1': ['I25V', 'N159Y', 'K189R', 'F192L', 'R222K']}
NODE_0001930		J.2	{}
A/Finland/410/2023	EPI2846915	J.2	{}
NODE_0001931		J.2	{}
A/CzechRepublic/2887/2023	EPI2959608	J.2	{'nuc': ['T408G', 'G419A', 'A770G', 'C780T'], 'HA1': ['S115A', 'P239S']}
NODE_0001932		J.2	{}
A/Yekaterinburg/47/2024	EPI3493473	J.2	{'nuc': ['G499A', 'T544G', 'C1644A'], 'HA1': ['S145N', 'I160R'], 'HA2': ['L198I']}
NODE_0000625		J.2	{'nuc': ['G436A', 'G569A', 'G675A', 'G1424A'], 'HA1': ['S124N', 'M168I', 'V204I']}
A/HongKong/8052/2024	EPI3821870	J.2	{'nuc': ['T245C', 'T614C', 'A655G', 'A923G'], 'HA1': ['Q197R']}
NODE_0001934		J.2	{}
A/Yokohama/51/2024	EPI3726825	J.2	{'nuc': ['G312A', 'A1160G'], 'HA1': ['E83K']}
A/HongKong/2506/2024	EPI3570380	J.2	{}
NODE_0001935		J.2	{}
NODE_0000616		J.2	{'nuc': ['T503C', 'G1040A', 'G1198A', 'G1340T'], 'HA2': ['S49N']}
A/Croatia/HZJZ_6395/2023	EPI2899134	J.2	{'nuc': ['A1148G']}
NODE_0000617		J.2	{'nuc': ['G211A', 'A1223G'], 'HA1': ['G49D']}
A/Maldives/1141/2024	EPI3519980	J.2	{'nuc': ['A413C', 'C947T']}
NODE_0000618		J.2	{'nuc': ['G499A'], 'HA1': ['S145N']}
A/AbuDhabi/8430/2024	EPI3389089	J.2	{'nuc': ['C716T', 'T1724G']}
NODE_0000619		J.2	{'nuc': ['T476C']}
A/Tokyo/EIS10-294/2024	EPI3558087	J.2	{'nuc': ['A306G', 'A341G', 'G990A'], 'HA1': ['N81D', 'V309I']}
A/Bangladesh/3726/2024	EPI3607929	J.2	{'nuc': ['T1709C']}
NODE_0001940		J.2	{}
NODE_0001941		J.2	{}
A/Wellington/67/2023	EPI2925535	J.2	{'nuc': ['G63A', 'A856G', 'G1142A'], 'HA1': ['K264R'], 'SigPep': ['A16T']}
NODE_0001942		J.2	{}
A/Macedonia/IPH-MKD-551G/2024	EPI3297492	J.2	{'nuc': ['G143A']}
NODE_0001943		J.2	{}
A/Victoria/9/2024	EPI3007099	J.2	{'nuc': ['C410T']}
NODE_0000613		J.2	{'nuc': ['G879T', 'G1205A'], 'HA1': ['A272S']}
A/Kenya/122/2024	EPI3244318	J.2	{}
A/Kenya/139/2024	EPI3520364	J.2	{}
NODE_0001945		J.2	{}
NODE_0000614		J.2	{'nuc': ['A140G'], 'HA1': ['I25M']}
A/SriLanka/50/2024	EPI3538081	J.2	{'nuc': ['G305A']}
NODE_0000615		J.2	{'nuc': ['T706C', 'A1531G', 'G1717A'], 'HA1': ['I214T'], 'HA2': ['N160S']}
A/SriLanka/49/2024	EPI3538077	J.2	{}
A/SriLanka/94/2024	EPI3597589	J.2	{'nuc': ['C1356T', 'A1391G']}
NODE_0000620		J.2	{'nuc': ['G499A'], 'HA1': ['S145N']}
NODE_0001949		J.2	{}
A/DistrictOfColumbia/27/2023	EPI2990337	J.2	{}
A/Wisconsin/57/2024	EPI3243895	J.2	{'nuc': ['G399A', 'C1232T'], 'HA1': ['V112I']}
NODE_0000621		J.2	{'nuc': ['A461G']}
A/Croatia/10136RV/2023-egg	EPI3356221	J.2	{'nuc': ['A622C', 'A1256G'], 'HA1': ['D186A']}
NODE_0000622		J.2	{'nuc': ['A170G', 'G375A'], 'HA1': ['D104N']}
NODE_0000623		J.2	{'nuc': ['T77C', 'T566C', 'G1595A']}
A/Talca/75547/2024	EPI3770172	J.2	{'nuc': ['G1097A']}
A/Talca/102449/2024	EPI4047502	J.2	{}
NODE_0001953		J.2	{}
A/Belgium/S3707/2025	EPI4235872	J.2	{'nuc': ['A71G', 'C254A', 'A468G'], 'HA1': ['N63K', 'T135A']}
NODE_0001954		J.2	{}
A/Wisconsin/101/2024	EPI3518649	J.2	{'nuc': ['C54T', 'T1697C'], 'SigPep': ['L13F']}
NODE_0001955		J.2	{}
A/Wisconsin/18/2025	EPI3955302	J.2	{'nuc': ['G38A', 'G399A', 'C533T', 'C539A'], 'HA1': ['V112I', 'N158K']}
A/Halmstad/SE24-16199/2024	EPI3685550	J.2	{'nuc': ['C464T', 'G737A', 'A956G', 'G1104A'], 'HA2': ['V18M']}
NODE_0002088		J.2	{}
NODE_0000597		J.2	{'nuc': ['C437A'], 'HA1': ['S124R']}
NODE_0000598		J.2	{'nuc': ['T7G', 'A580G', 'C582A', 'A905C', 'T935C', 'G1373A'], 'HA1': ['E172G', 'Q173K', 'E280D']}
A/Ghana/1122/2024	EPI3634334	J.2	{'nuc': ['G1104A'], 'HA2': ['V18M']}
A/Ghana/1500/2024	EPI3634270	J.2	{'nuc': ['T1370C']}
NODE_0000599		J.2	{'nuc': ['G101A']}
A/Bangladesh/3015/2024	EPI3294983	J.2	{'nuc': ['T1439C']}
NODE_0000600		J.2	{'nuc': ['G499A', 'T512C', 'G854A', 'G899A', 'T1370C'], 'HA1': ['S145N']}
A/HongKong/8080/2024	EPI3551718	J.2	{'nuc': ['G297A', 'T713G'], 'HA1': ['G78S', 'N216K']}
NODE_0001922		J.2	{}
A/Yokohama/31/2024	EPI3616358	J.2	{'nuc': ['A510G', 'G990A', 'G1699A'], 'HA1': ['S149G', 'V309I'], 'HA2': ['R216K']}
NODE_0001923		J.2	{}
A/Vietnam/PF224344/2024	EPI3581125	J.2	{'nuc': ['G1104A'], 'HA2': ['V18M']}
NODE_0001924		J.2	{}
A/Yokohama/48/2024	EPI3955799	J.2	{'nuc': ['G782A']}
A/Yamaguchi/97/2024	EPI3741298	J.2	{}
NODE_0001956		J.2	{}
NODE_0001957		J.2	{}
NODE_0000588		J.2	{'nuc': ['C1388T']}
A/Victoria/3234B/2023	EPI3007316	J.2	{'nuc': ['T58C'], 'SigPep': ['V14A']}
NODE_0000589		J.2	{'nuc': ['G1433A']}
A/Wrexham/7933/2023	EPI3084289	J.2	{'nuc': ['T60C', 'G557A', 'A1268G', 'C1667T'], 'SigPep': ['F15L']}
NODE_0000590		J.2	{'nuc': ['T764C']}
A/Venezuela/4978/2023	EPI2926235	J.2	{'nuc': ['G899A']}
NODE_0001961		J.2	{}
A/Norway/2066/2024	EPI3140542	J.2	{'nuc': ['C102T', 'T1069A', 'G1073A'], 'HA2': ['I6K']}
A/Victoria/167/2024	EPI3236004	J.2	{'nuc': ['G342T', 'G499A', 'C901A'], 'HA1': ['A93S', 'S145N', 'S279Y']}
NODE_0001962		J.2	{}
NODE_0001963		J.2	{}
A/Saopaulo/CEVI_2400065/2023	EPI3601711	J.2	{'nuc': ['C162A', 'A719G', 'A734G']}
NODE_0001964		J.2	{}
A/Belgium/S03252/2023	EPI2820851	J.2	{'nuc': ['G557A', 'A1010G', 'G1717A']}
NODE_0000585		J.2	{'nuc': ['C806T']}
A/SouthAfrica/8483/2024	EPI3731161	J.2	{'nuc': ['G57A', 'C890T', 'A924G'], 'HA1': ['S287G'], 'SigPep': ['V14I']}
A/Nevada/32/2023	EPI2796516	J.2	{}
NODE_0001966		J.2	{}
NODE_0000586		J.2	{'nuc': ['G499A'], 'HA1': ['S145N']}
A/Victoria/440/2024	EPI3414711	J.2	{'nuc': ['T653C', 'A924G', 'T1190C', 'C1355T'], 'HA1': ['S287G']}
NODE_0000587		J.2	{'nuc': ['G847A', 'G1104A', 'T1442C', 'A1511G'], 'HA1': ['R261Q'], 'HA2': ['V18M']}
A/Virginia/41/2024	EPI3793799	J.2	{'nuc': ['A776G', 'C1325A', 'A1391T']}
A/Bhutan/2209/2024	EPI4008787	J.2	{'nuc': ['G488A', 'G1688A']}
NODE_0000644		J.2	{'nuc': ['C1610T']}
NODE_0000645		J.2	{'nuc': ['G278A', 'C404T']}
NODE_0001971		J.2	{}
A/SaoPaulo/357389770-IAL/2023	EPI2900857	J.2	{}
NODE_0000646		J.2	{'nuc': ['C469A', 'C1187T'], 'HA1': ['T135K']}
A/Para/2024-013575-IEC/2024	EPI3432120	J.2	{'nuc': ['G188A', 'G1142A']}
NODE_0000647		J.2	{'nuc': ['T794C', 'A875T', 'C878T', 'T1370C']}
A/Wisconsin/154/2024	EPI4132246	J.2	{}
NODE_0001974		J.2	{}
A/Romania/590259/2025	EPI4118854	J.2	{'nuc': ['C344T']}
A/HongKong/580/2025	EPI4072666	J.2	{'nuc': ['C437T', 'C635T', 'A677G', 'A1420G'], 'HA2': ['K123R']}
NODE_0000648		J.2	{'nuc': ['G1104A'], 'HA2': ['V18M']}
A/Lisbon/177/2024	EPI3550858	J.2	{'nuc': ['A252G'], 'HA1': ['N63D']}
NODE_0000649		J.2:N8D	{'nuc': ['A87G', 'T1136C'], 'HA1': ['N8D']}
NODE_0001977		J.2:N8D	{}
A/Victoria/3620/2024	EPI3902994	J.2:N8D	{'nuc': ['G191A', 'T602A', 'T653C', 'G805A', 'T833G', 'G1343A', 'T1370C'], 'HA1': ['S247N']}
NODE_0001978		J.2:N8D	{}
A/Valdivia/7610/2025	EPI4268157	J.2:N8D	{'nuc': ['A1022G', 'G1358A']}
A/Wyoming/25/2025	EPI4247198	J.2:N8D	{'nuc': ['G95A', 'C347A', 'T611C', 'A1481G'], 'HA1': ['N94K']}
NODE_0000650		J.2:N8D	{'nuc': ['C464T']}
NODE_0002120		J.2:N8D	{}
A/Uruguay/1156/2024	EPI3530828	J.2:N8D	{'nuc': ['T230A', 'A413G', 'G1340A']}
NODE_0001980		J.2:N8D	{}
A/Ohio/253/2024	EPI3531134	J.2:N8D	{}
A/Yakutia/198-11V/2025	EPI3986225	J.2:N8D	{'nuc': ['G23T', 'A157G', 'C254A', 'T639A', 'A864G'], 'HA1': ['N31S', 'N63K', 'F192I', 'I267V'], 'SigPep': ['K2N']}
NODE_0000651		J.2:N8D	{'nuc': ['T1523C']}
A/Luxembourg/LNS7125793/2024	EPI3769435	J.2:N8D	{'nuc': ['G20A', 'T194C', 'G1578A', 'G1717A'], 'HA2': ['V176I']}
NODE_0001982		J.2:N8D	{}
NODE_0001983		J.2:N8D	{}
A/Romania/590285/2025	EPI4115545	J.2:N8D	{'nuc': ['G479A', 'A1091C']}
A/Trieste/187/2025	EPI4218701	J.2:N8D	{'nuc': ['G499A', 'T851G', 'T1640C'], 'HA1': ['S145N', 'S262R']}
NODE_0001984		J.2:N8D	{}
A/ValencianCommunity/989/2025	EPI4267145	J.2:N8D	{'nuc': ['C333A', 'A638G', 'G1269A'], 'HA2': ['V73I']}
NODE_0001985		J.2:N8D	{}
A/Moldova/39765/2025	EPI4213465	J.2:N8D	{'nuc': ['A90G', 'G352T', 'G732A'], 'HA1': ['S9G', 'S96I', 'V223I']}
NODE_0001986		J.2:N8D	{}
A/Austria/1780607/2024	EPI3788659	J.2:N8D	{}
NODE_0001987		J.2:N8D	{}
A/France/PDL-RELAB-IPP03926/2025	EPI4245344	J.2:N8D	{'nuc': ['G188A', 'G211A', 'T544A', 'T887C', 'T1031C'], 'HA1': ['G49D', 'I160K']}
A/Scotland/14_61/2025	EPI4110514	J.2:N8D	{}
NODE_0000652		J.2	{'nuc': ['G436A'], 'HA1': ['S124N']}
NODE_0000653		J.2	{'nuc': ['G620A', 'T1322C']}
A/Maldives/Male-NIV241365/2023	EPI3335163	J.2	{}
A/Maldives/2125/2023	EPI2926277	J.2	{}
NODE_0001990		J.2	{}
NODE_0001991		J.2	{}
A/Yokosuka/2/2024	EPI3299827	J.2	{'nuc': ['A218T', 'C261A', 'G995A'], 'HA1': ['L66I']}
A/Victoria/99/2024	EPI3168968	J.2	{'nuc': ['A216G'], 'HA1': ['I51V']}
NODE_0000654		J.2.2:T65K	{'nuc': ['C259A', 'A923C'], 'HA1': ['T65K']}
NODE_0002134		J.2.2:T65K	{}
NODE_0001993		J.2.2:T65K	{}
A/SriLanka/100/2024	EPI4102495	J.2.2:T65K	{'nuc': ['C482T']}
NODE_0000663		J.2.2:T65K	{'nuc': ['G1104A'], 'HA2': ['V18M']}
A/Valdivia/13322/2025	EPI4268205	J.2.2:T65K	{'nuc': ['G210A', 'G211A', 'A518G', 'T617C', 'T706C', 'G1032A', 'A1034T', 'A1100G'], 'HA1': ['G49N', 'I214T', 'V323I']}
NODE_0000664		J.2.2:T65K	{'nuc': ['A314G', 'T701A']}
NODE_0002138		J.2.2:T65K	{}
A/Albania/310685/2025	EPI4212972	J.2.2:T65K	{'nuc': ['C1356A'], 'HA2': ['L102M']}
A/StPetersburg/RII-2016S/2025	EPI4207581	J.2.2:T65K	{'nuc': ['G578A', 'G667A'], 'HA1': ['R201K']}
NODE_0001996		J.2.2:T65K	{}
A/NewJersey/GKISBBBE95763/2025	EPI4281252	J.2.2:T65K	{'nuc': ['T617C', 'A1056C'], 'HA2': ['I2L']}
A/StPetersburg/RII-MH225727S/2025	EPI4206009	J.2.2:T65K	{'nuc': ['A1010G']}
NODE_0001997		J.2.2:T65K	{}
NODE_0000658		J.2.2:T65K	{'nuc': ['A6T', 'G1445A']}
A/Wellington/85/2024	EPI3634630	J.2.2:T65K	{}
A/Wellington/32/2024	EPI3510374	J.2.2:T65K	{}
NODE_0000665		J.2.2:T65K	{'nuc': ['G499A'], 'HA1': ['S145N']}
A/Minnesota/97/2024	EPI3575595	J.2.2:T65K	{'nuc': ['G63A', 'G1247A'], 'SigPep': ['A16T']}
NODE_0002000		J.2.2:T65K	{}
A/Thailand/15/2024	EPI3902748	J.2.2:T65K	{'nuc': ['C959T']}
NODE_0002001		J.2.2:T65K	{}
A/Tokyo/EIS10-172/2024	EPI3557998	J.2.2:T65K	{'nuc': ['G337A', 'C410T'], 'HA1': ['S91N']}
NODE_0000666		J.2.2:T65K	{'nuc': ['C839T']}
A/Ulsan/629/2025	EPI4184481	J.2.2:T65K	{'nuc': ['G137A', 'G569A', 'G1403A', 'A1499G'], 'HA1': ['M168I'], 'HA2': ['I149M']}
A/Denmark/2208/2024	EPI3533351	J.2.2:T65K	{'nuc': ['T4C', 'T300C', 'G366A', 'G1142A'], 'HA1': ['F79L', 'D101N']}
NODE_0002003		J.2.2:T65K	{}
NODE_0002004		J.2.2:T65K	{}
NODE_0000659		J.2.2:T65K	{'nuc': ['A215G', 'T506C', 'T544A', 'A545G'], 'HA1': ['I160K']}
A/Victoria/3627/2024	EPI3998094	J.2.2:T65K	{'nuc': ['C1325T']}
NODE_0000660		J.2.2:T65K	{'nuc': ['A248G', 'A1650G'], 'HA2': ['I200V']}
A/Yokohama/111/2024	EPI3903615	J.2.2:T65K	{}
A/Yokosuka/3/2025	EPI4202994	J.2.2:T65K	{'nuc': ['A559G', 'C761A', 'G847A'], 'HA1': ['N165S', 'R261Q']}
NODE_0000661		J.2.2:T65K	{'nuc': ['T706C'], 'HA1': ['I214T']}
A/Finland/602/2024	EPI3512751	J.2.2:T65K	{'nuc': ['G1202A']}
NODE_0002008		J.2.2:T65K	{}
A/Victoria/3507/2024	EPI3902555	J.2.2:T65K	{'nuc': ['A462G', 'A518G', 'C1138A', 'C1196T'], 'HA1': ['N133D'], 'HA2': ['S29Y']}
NODE_0000662		J.2.2:T65K	{'nuc': ['T326C']}
A/SouthAfrica/R03209/2025	EPI4246478	J.2.2:T65K	{'nuc': ['A518G', 'A712G', 'T914C', 'G1491A'], 'HA1': ['N216S'], 'HA2': ['A147T']}
A/SouthAfrica/R01135/2025	EPI4246368	J.2.2:T65K	{'nuc': ['G702A', 'A893G'], 'HA1': ['V213I']}
NODE_0002010		J.2.2:T65K	{}
NODE_0000656		J.2.2:T65K	{'nuc': ['A779G', 'C839T', 'C932T']}
A/Victoria/3568/2024	EPI3902888	J.2.2:T65K	{}
A/Vietnam/PF324369/2025	EPI4111258	J.2.2:T65K	{'nuc': ['A335G', 'T602C', 'G944A', 'A1067G', 'A1100G', 'G1208A', 'G1430A']}
NODE_0002012		J.2.2:T65K	{}
NODE_0000655		J.2.2:T65K	{'nuc': ['G995A']}
A/SaudiArabia/PHL/FS8301/2024	EPI3544068	J.2.2:T65K	{'nuc': ['A778G'], 'HA1': ['K238R']}
A/Bahrain/8389/2024	EPI3670760	J.2.2:T65K	{}
NODE_0002014		J.2.2:T65K	{}
A/Galati/583657/2024	EPI3716117	J.2.2:T65K	{'nuc': ['G78A', 'C1388T'], 'HA1': ['G5R']}
NODE_0002015		J.2.2:T65K	{}
A/Wellington/86/2024	EPI3634363	J.2.2:T65K	{'nuc': ['T800C']}
NODE_0002016		J.2.2:T65K	{}
A/Jilin-Hunjiang/135/2025	EPI3917618	J.2.2:T65K	{'nuc': ['G647A', 'C1325T']}
NODE_0000657		J.2.2:T65K	{'nuc': ['A704C']}
A/SriLanka/111/2024	EPI4102499	J.2.2:T65K	{}
A/SriLanka/4/2025	EPI3902753	J.2.2:T65K	{'nuc': ['G869A'], 'HA1': ['M268I']}
NODE_0002018		J.2	{}
NODE_0002019		J.2	{}
NODE_0000594		J.2	{'nuc': ['G479A']}
NODE_0000595		J.2	{'nuc': ['G732A', 'A897G', 'C1622A'], 'HA1': ['V223I', 'K278E']}
A/Valparaiso/11568/2024	EPI3331996	J.2	{'nuc': ['C229T'], 'HA1': ['P55L']}
A/Valparaiso/7570/2024	EPI3331913	J.2	{}
NODE_0000596		J.2	{'nuc': ['C780T', 'A956G', 'G1127A', 'T1190C'], 'HA1': ['P239S']}
A/Poland/PL51/2024	EPI3936377	J.2	{'nuc': ['G298A', 'G1104A', 'T1250C'], 'HA1': ['G78D'], 'HA2': ['V18M']}
NODE_0002166		J.2	{}
A/Netherlands/1723/2024	EPI3524516	J.2	{}
NODE_0002167		J.2	{}
A/Denmark/2318/2024	EPI3626292	J.2	{'nuc': ['G1664A']}
NODE_0002023		J.2	{}
A/Sweden/SE24-15931/2024	EPI3685558	J.2	{}
A/Minnesota/111/2024	EPI3607251	J.2	{}
NODE_0002024		J.2	{}
NODE_0002025		J.2	{}
NODE_0000584		J.2	{'nuc': ['G563A']}
A/Argentina/116/2024	EPI3389288	J.2	{'nuc': ['A252T', 'T1649C'], 'HA1': ['N63Y']}
A/Ynysfach/348/2024	EPI3616823	J.2	{'nuc': ['C75A', 'G578A', 'T992C'], 'HA1': ['P4T']}
NODE_0002027		J.2	{}
A/Albania/301227/2024	EPI3359184	J.2	{'nuc': ['T587C', 'G1104A', 'C1493A'], 'HA2': ['V18M']}
NODE_0002028		J.2	{}
NODE_0002029		J.2	{}
A/Maldives/1772/2023	EPI2925814	J.2	{}
NODE_0002030		J.2	{}
A/Paraiba/2023-044623-IEC/2023	EPI3000682	J.2	{}
NODE_0002031		J.2	{}
A/Yamanashi/24026/2024	EPI3299835	J.2	{'nuc': ['G104A', 'T194C', 'A252G', 'T1011C'], 'HA1': ['N63D']}
A/WesternAustralia/2500815572/2025	EPI4024879	J.2	{'nuc': ['C25T', 'C372T', 'A719T', 'T746A', 'G812A', 'G990A', 'G1000A', 'G1097A', 'A1499G', 'G1535A', 'G1653A', 'C1654T'], 'HA1': ['P103S', 'V309I', 'S312N'], 'HA2': ['I149M', 'A201I'], 'SigPep': ['A3V']}
NODE_0000601		J.2	{'nuc': ['G732A'], 'HA1': ['V223I']}
NODE_0000603		J.2	{'nuc': ['A125G']}
A/Colorado/228/2024	EPI3732270	J.2	{'nuc': ['G95T', 'A545G', 'G626A', 'G675A', 'C692T'], 'HA1': ['I160M', 'V204I']}
NODE_0002034		J.2	{}
A/Netherlands/1839/2024	EPI3637459	J.2	{'nuc': ['A140G', 'G340A'], 'HA1': ['I25M', 'R92K']}
A/Washington/6/2025	EPI4130250	J.2	{'nuc': ['T26C', 'A134G', 'C449T', 'G596A', 'A695G', 'G812C', 'C1220T', 'C1379T']}
NODE_0002035		J.2	{}
NODE_0000604		J.2	{'nuc': ['C320T', 'C1529T']}
A/Colombia/1601/2024	EPI3955968	J.2	{'nuc': ['G143A', 'T503C', 'A1502G']}
NODE_0000605		J.2	{'nuc': ['A407C', 'T929C']}
A/Sharjah/1768/2024	EPI3759854	J.2	{'nuc': ['T167C']}
A/Albania/310647/2025	EPI4212980	J.2	{'nuc': ['C116T', 'T1121C', 'G1198A', 'A1382G'], 'HA2': ['S49N']}
NODE_0002038		J.2	{}
A/Zhejiang-Shangcheng/1895/2024	EPI3684337	J.2	{'nuc': ['A937G', 'A1034G', 'G1281A'], 'HA1': ['D291G'], 'HA2': ['V77I']}
NODE_0000602		J.2	{'nuc': ['G782A', 'A898G', 'C1364T', 'C1496T'], 'HA1': ['K278R']}
A/Bulgaria/3619/2024	EPI3834921	J.2	{'nuc': ['C716T', 'G738A', 'A1253G'], 'HA1': ['D225N']}
NODE_0002040		J.2	{}
A/Turkmenistan/801/2025	EPI3932832	J.2	{'nuc': ['T176C', 'G375A', 'C396T', 'G1583A', 'C1644T'], 'HA1': ['D104N'], 'HA2': ['L198F']}
A/Denmark/2281/2024	EPI3626188	J.2	{'nuc': ['G243A', 'A583G'], 'HA1': ['D60N', 'Q173R']}
NODE_0002041		J.2	{}
NODE_0002042		J.2	{}
A/Bhutan/1490/2023	EPI2778113	J.2	{'nuc': ['T713C']}
NODE_0000591		J.2	{'nuc': ['A1650G'], 'HA2': ['I200V']}
A/Montenegro/244677/2023	EPI2954560	J.2	{}
NODE_0000592		J.2	{'nuc': ['G732A'], 'HA1': ['V223I']}
A/Ghana/3370/2024	EPI3474307	J.2	{'nuc': ['G399A'], 'HA1': ['V112I']}
NODE_0000593		J.2	{'nuc': ['G487A', 'G737A', 'G1541A'], 'HA1': ['R141K']}
A/England/2481021/2024	EPI3583086	J.2	{'nuc': ['C931T', 'G1424A'], 'HA1': ['P289L']}
NODE_0002046		J.2	{}
A/Salalah/52425062/2024	EPI3670137	J.2	{'nuc': ['C76A', 'A968T', 'C1196A'], 'HA1': ['P4H']}
A/Bangladesh/8022/2024	EPI3607842	J.2	{'nuc': ['G137A', 'G496A', 'C629A', 'T1283C'], 'HA1': ['S144N', 'D188E']}
NODE_0000606		J.2	{'nuc': ['T1649C']}
NODE_0002048		J.2	{}
NODE_0000607		J.2	{'nuc': ['G57A'], 'SigPep': ['V14I']}
A/Denmark/2109/2024	EPI3320510	J.2	{'nuc': ['T59C', 'G647A']}
A/Hungary/201/2024	EPI3447377	J.2	{}
NODE_0002050		J.2	{}
A/Arica/52920/2024	EPI3530962	J.2	{'nuc': ['A376G', 'C629T', 'C658T', 'A1009G'], 'HA1': ['D104G', 'S198L', 'K315R']}
NODE_0000608		J.2	{'nuc': ['A685G'], 'HA1': ['K207R']}
A/Michigan/82/2024	EPI3263911	J.2	{'nuc': ['C29A', 'T623C', 'C932A', 'G1106T']}
A/Wisconsin/80/2024	EPI3388427	J.2	{'nuc': ['A275G', 'C1670T']}
NODE_0000609		J.2	{'nuc': ['A631G'], 'HA1': ['K189R']}
NODE_0002053		J.2	{}
A/Pernambuco/12667-IEC/2025	EPI4284512	J.2	{'nuc': ['A71G', 'G188A', 'C449T', 'C1344T', 'T1640C', 'A1700G'], 'HA2': ['L98F']}
A/Netherlands/1791/2025	EPI4241385	J.2	{'nuc': ['G63A', 'A237G', 'G374A', 'C539G', 'G620A', 'G1198A', 'T1697C'], 'HA1': ['I58V', 'N158K'], 'HA2': ['S49N'], 'SigPep': ['A16T']}
NODE_0000610		J.2	{'nuc': ['C469A', 'T623C', 'G1568A', 'C1649T', 'G1719A'], 'HA1': ['T135K']}
NODE_0000611		J.2	{'nuc': ['T1076C', 'G1424A', 'A1700G']}
A/Victoria/287/2025	EPI4277894	J.2	{'nuc': ['G499A'], 'HA1': ['S145N']}
A/Victoria/336/2025	EPI4277852	J.2	{}
NODE_0002201		J.2	{}
A/Bhutan/1699/2024	EPI3635217	J.2	{}
A/Valladolid/1187/2025	EPI4213609	J.2	{'nuc': ['A1185G'], 'HA2': ['I45V']}
NODE_0002056		J.2	{}
NODE_0000583		J.2	{'nuc': ['G569A'], 'HA1': ['M168I']}
A/Bulgaria/2507/2024	EPI3359459	J.2	{'nuc': ['T380C', 'A515G', 'C878T', 'G1198A', 'A1223G'], 'HA2': ['S49N']}
A/Estonia/177394/2023	EPI3004901	J.2	{'nuc': ['C29A']}
NODE_0002058		J.2	{}
A/Kazakhstan/13/2023	EPI2981433	J.2	{'nuc': ['G962A']}
NODE_0000627		J.2	{'nuc': ['G1202A']}
NODE_0000632		J.2	{'nuc': ['A304G', 'G499A'], 'HA1': ['Q80R', 'S145N']}
A/Wakayama/33/2024	EPI4202946	J.2	{'nuc': ['C92T', 'C254A', 'C683T', 'A1505G'], 'HA1': ['N63K']}
NODE_0000633		J.2	{'nuc': ['A310G', 'T992C'], 'HA1': ['K82R']}
NODE_0000634		J.2	{'nuc': ['C1610T']}
A/Vietnam/FP325128/2025	EPI4245811	J.2	{'nuc': ['C417T', 'A461G', 'T506C', 'C1004T', 'A1034G', 'G1142A', 'T1186C'], 'HA2': ['I45T']}
A/Vietnam/PF325088/2025	EPI4191014	J.2	{'nuc': ['G210A'], 'HA1': ['G49S']}
NODE_0000635		J.2	{'nuc': ['T1649C']}
A/Vietnam/PF325098/2025	EPI4191022	J.2	{'nuc': ['A207G', 'G1574A'], 'HA1': ['I48V']}
NODE_0002064		J.2	{}
A/Vietnam/PF424608/2025	EPI4111755	J.2	{'nuc': ['A122G']}
A/HongKong/802/2025	EPI4244709	J.2	{'nuc': ['C161T', 'A1517G']}
NODE_0002065		J.2	{}
NODE_0000630		J.2	{'nuc': ['G737A']}
A/Vietnam/PF223499/2024	EPI3885871	J.2	{}
NODE_0002067		J.2	{}
A/Vietnam/PF224067/2024	EPI3494665	J.2	{}
NODE_0000631		J.2	{'nuc': ['T1604C']}
A/Vietnam/PF224396/2024	EPI3679401	J.2	{'nuc': ['T300C', 'C410T', 'T525C', 'C582A', 'C878A', 'G1373A'], 'HA1': ['F79L', 'Q173K', 'D271E']}
A/Vietnam/PF324072/2024	EPI3494857	J.2	{'nuc': ['G24A', 'C560T', 'T1112C'], 'SigPep': ['A3T']}
NODE_0002069		J.2	{}
NODE_0000628		J.2	{'nuc': ['C539A'], 'HA1': ['N158K']}
A/Oman/7407/2023	EPI2991354	J.2	{'nuc': ['C161T', 'T614C']}
NODE_0000629		J.2	{'nuc': ['T26C']}
A/Finland/599/2024	EPI3512743	J.2	{'nuc': ['A518G']}
A/Oklahoma/5/2024	EPI3133529	J.2	{'nuc': ['G104T', 'A260C', 'C347T']}
NODE_0000636		J.2	{'nuc': ['T300C'], 'HA1': ['F79L']}
A/ChiangRai/1932/2024	EPI3518079	J.2	{'nuc': ['G337A', 'C410T', 'A468G', 'C1584T'], 'HA1': ['S91N', 'T135A']}
NODE_0000637		J.2.1	{'nuc': ['C780T'], 'HA1': ['P239S']}
A/Zhejiang-Xiuzhou/385/2023	EPI2973086	J.2.1	{'nuc': ['T1011A'], 'HA1': ['L316M']}
NODE_0000640		J.2.1	{'nuc': ['C126T', 'T1313C'], 'HA1': ['P21S']}
A/Bulgaria/2502/2024	EPI3359443	J.2.1	{'nuc': ['C1004T', 'C1703T']}
NODE_0000641		J.2.1	{'nuc': ['A134G', 'C967T', 'G1104A', 'A1193G', 'G1373A'], 'HA1': ['T301I'], 'HA2': ['V18M']}
A/Zhejiang-Haishu/1908/2024	EPI3528987	J.2.1	{'nuc': ['C234A', 'C1118T', 'G1595A'], 'HA1': ['Q57K']}
A/Zhejiang-Nanhu/1395/2024	EPI3528975	J.2.1	{'nuc': ['T1121C', 'A1726G']}
NODE_0002076		J.2.1	{}
NODE_0002077		J.2.1	{}
A/Colorado/6/2024	EPI3055045	J.2.1	{'nuc': ['C62T', 'G797A', 'T1031C', 'G1142A']}
NODE_0000638		J.2.1	{'nuc': ['T83C', 'A857G']}
A/Zhejiang-Nanhu/130/2024	EPI3466391	J.2.1	{'nuc': ['T65G', 'A734G', 'G1445A']}
A/Serbia/514284/2024	EPI3204189	J.2.1	{'nuc': ['A6T', 'T58G', 'A1058G', 'C1196A'], 'HA2': ['I2M'], 'SigPep': ['V14G']}
NODE_0002079		J.2.1	{}
NODE_0002080		J.2.1	{}
A/Zamyn-Uud/33/2024	EPI3467952	J.2.1	{'nuc': ['G251A', 'G1594A'], 'HA2': ['G181E']}
A/BosniaHerzegovina/2556/2023	EPI3103057	J.2.1	{'nuc': ['G298A', 'C926T'], 'HA1': ['G78D']}
NODE_0002081		J.2.1	{}
NODE_0002082		J.2.1	{}
A/Zhejiang-NH/1199/2024	EPI3721432	J.2.1	{'nuc': ['T51C', 'T910C'], 'HA1': ['I282T'], 'SigPep': ['C12R']}
NODE_0002083		J.2.1	{}
A/Vietnam/4152/2024	EPI3552405	J.2.1	{'nuc': ['T26C', 'C901T'], 'HA1': ['S279F']}
NODE_0002084		J.2.1	{}
A/Guyana/10084/2024	EPI3531334	J.2.1	{'nuc': ['A264G', 'T653C', 'A770C', 'G944A', 'G1073T', 'C1526T', 'G1541A'], 'HA1': ['I67V']}
NODE_0002085		J.2.1	{}
A/Vietnam/PF224332/2024	EPI3581235	J.2.1	{'nuc': ['C387A', 'A515G', 'C1187A'], 'HA1': ['L108I']}
NODE_0002086		J.2.1	{}
A/Vietnam/PF224230/2024	EPI3581282	J.2.1	{'nuc': ['G1358A']}
NODE_0002087		J.2.1	{}
A/Colombia/1744/2024	EPI3731648	J.2.1	{'nuc': ['T200C', 'A845G', 'C1355T', 'C1388T'], 'HA1': ['I260M']}
NODE_0000639		J.2.1	{'nuc': ['G249A'], 'HA1': ['G62R']}
A/Uganda/UVRI_KIS6777/2024	EPI4111001	J.2.1	{}
A/Uganda/UVRI_KIS6910/2024	EPI4124038	J.2.1	{'nuc': ['G899A', 'G1104A'], 'HA2': ['V18M']}
NODE_0000642		J.2.1	{'nuc': ['G1104A'], 'HA2': ['V18M']}
A/YoshkarOla/RII-MH172459S/2024	EPI3328552	J.2.1	{'nuc': ['A685G'], 'HA1': ['K207R']}
NODE_0002090		J.2.1	{}
A/Hungary/264/2024	EPI3447401	J.2.1	{'nuc': ['C1622A']}
NODE_0002091		J.2.1	{}
NODE_0002092		J.2.1	{}
A/Yunnan-Wenshan/11051/2024	EPI3813840	J.2.1	{'nuc': ['A1209G'], 'HA2': ['N53D']}
NODE_0002093		J.2.1	{}
A/Uppsala/SE25-01166/2025	EPI4071766	J.2.1	{'nuc': ['T176A', 'G375A', 'A1271G'], 'HA1': ['D104N']}
A/Yunnan-Mengliandaizulahuzuwazuzizhi/1185/2024	EPI3917627	J.2.1	{'nuc': ['A253G', 'G327A', 'C455T', 'G1340A', 'A1587G'], 'HA1': ['N63S', 'V88I'], 'HA2': ['K179E']}
NODE_0002094		J.2.1	{}
A/Wellington/12/2024	EPI3510333	J.2.1	{'nuc': ['T1349G']}
NODE_0000643		J.2.1	{'nuc': ['C1241T']}
A/Lisbon/213/2024	EPI4157734	J.2.1	{'nuc': ['G137A', 'G479C']}
NODE_0002096		J.2.1	{}
A/Vietnam/PF124513/2025	EPI4111388	J.2.1	{'nuc': ['G422A', 'A858G'], 'HA1': ['S265G']}
A/Denmark/989/2025	EPI4180621	J.2.1	{'nuc': ['C296T', 'G805A'], 'HA1': ['S247N']}
